item_id,restaurant_id,item_name,category,unit_price
I00001,R0089,Food_Item_00001,Chinese,622.08
I00002,R0402,Food_Item_00002,Pizza,715.17
I00003,R0039,Food_Item_00003,South Indian,394.51
I00004,R0171,Food_Item_00004,Healthy,633.23
I00005,R0076,Food_Item_00005,Desserts,820.44
I00006,R0302,Food_Item_00006,Desserts,161.99
I00007,R0094,Food_Item_00007,Bengali,761.02
I00008,R0007,Food_Item_00008,Chinese,557.03
I00009,R0161,Food_Item_00009,South Indian,426.33
I00010,R0002,Food_Item_00010,Chinese,122.4
I00011,R0190,Food_Item_00011,Bengali,394.94
I00012,R0130,Food_Item_00012,Beverages,730.99
I00013,R0467,Food_Item_00013,Biryani,524.41
I00014,R0263,Food_Item_00014,South Indian,224.57
I00015,R0220,Food_Item_00015,Burger,270.42
I00016,R0301,Food_Item_00016,Healthy,775.05
I00017,R0069,Food_Item_00017,Pizza,434.98
I00018,R0067,Food_Item_00018,Biryani,158.3
I00019,R0078,Food_Item_00019,Desserts,878.13
I00020,R0434,Food_Item_00020,Burger,287.84
I00021,R0373,Food_Item_00021,Pizza,733.12
I00022,R0480,Food_Item_00022,South Indian,90.5
I00023,R0407,Food_Item_00023,Healthy,290.33
I00024,R0060,Food_Item_00024,Pizza,356.44
I00025,R0083,Food_Item_00025,South Indian,784.73
I00026,R0412,Food_Item_00026,Chinese,693.32
I00027,R0274,Food_Item_00027,Pizza,332.58
I00028,R0308,Food_Item_00028,South Indian,725.74
I00029,R0117,Food_Item_00029,Healthy,744.25
I00030,R0252,Food_Item_00030,Burger,499.86
I00031,R0452,Food_Item_00031,Pizza,496.47
I00032,R0245,Food_Item_00032,Pizza,497.81
I00033,R0344,Food_Item_00033,Bengali,217.27
I00034,R0375,Food_Item_00034,Burger,746.44
I00035,R0463,Food_Item_00035,Bengali,665.98
I00036,R0105,Food_Item_00036,Biryani,776.5
I00037,R0456,Food_Item_00037,Desserts,748.85
I00038,R0305,Food_Item_00038,Pizza,724.06
I00039,R0417,Food_Item_00039,Biryani,719.91
I00040,R0131,Food_Item_00040,Biryani,854.45
I00041,R0059,Food_Item_00041,Beverages,576.44
I00042,R0043,Food_Item_00042,Healthy,758.91
I00043,R0192,Food_Item_00043,Chinese,737.1
I00044,R0277,Food_Item_00044,Pizza,301.59
I00045,R0144,Food_Item_00045,Beverages,543.9
I00046,R0135,Food_Item_00046,Biryani,678.35
I00047,R0409,Food_Item_00047,Burger,164.84
I00048,R0372,Food_Item_00048,Healthy,515.08
I00049,R0318,Food_Item_00049,Chinese,82.33
I00050,R0326,Food_Item_00050,Desserts,277.05
I00051,R0424,Food_Item_00051,Chinese,478.82
I00052,R0113,Food_Item_00052,Burger,331.68
I00053,R0470,Food_Item_00053,Burger,712.29
I00054,R0431,Food_Item_00054,Beverages,602.67
I00055,R0172,Food_Item_00055,South Indian,299.38
I00056,R0174,Food_Item_00056,Beverages,94.0
I00057,R0093,Food_Item_00057,Healthy,288.86
I00058,R0355,Food_Item_00058,Desserts,505.64
I00059,R0152,Food_Item_00059,Burger,705.03
I00060,R0134,Food_Item_00060,Bengali,574.76
I00061,R0337,Food_Item_00061,Chinese,125.77
I00062,R0099,Food_Item_00062,Bengali,462.55
I00063,R0057,Food_Item_00063,Desserts,866.8
I00064,R0431,Food_Item_00064,Healthy,821.32
I00065,R0020,Food_Item_00065,Beverages,688.76
I00066,R0460,Food_Item_00066,South Indian,312.73
I00067,R0342,Food_Item_00067,Beverages,98.18
I00068,R0177,Food_Item_00068,Beverages,454.22
I00069,R0283,Food_Item_00069,Burger,387.04
I00070,R0158,Food_Item_00070,Pizza,634.2
I00071,R0205,Food_Item_00071,Chinese,137.88
I00072,R0352,Food_Item_00072,Desserts,837.17
I00073,R0455,Food_Item_00073,Burger,683.4
I00074,R0114,Food_Item_00074,Healthy,876.22
I00075,R0267,Food_Item_00075,Healthy,789.56
I00076,R0433,Food_Item_00076,Biryani,432.79
I00077,R0008,Food_Item_00077,Chinese,623.25
I00078,R0005,Food_Item_00078,Burger,773.42
I00079,R0308,Food_Item_00079,Beverages,247.18
I00080,R0072,Food_Item_00080,Beverages,87.9
I00081,R0497,Food_Item_00081,Desserts,332.22
I00082,R0061,Food_Item_00082,Desserts,438.71
I00083,R0370,Food_Item_00083,Beverages,592.15
I00084,R0159,Food_Item_00084,Desserts,296.01
I00085,R0462,Food_Item_00085,Desserts,442.49
I00086,R0434,Food_Item_00086,Healthy,611.92
I00087,R0400,Food_Item_00087,South Indian,756.03
I00088,R0321,Food_Item_00088,Biryani,266.09
I00089,R0109,Food_Item_00089,Chinese,735.92
I00090,R0054,Food_Item_00090,Desserts,850.14
I00091,R0132,Food_Item_00091,Beverages,415.84
I00092,R0040,Food_Item_00092,Bengali,532.63
I00093,R0393,Food_Item_00093,Burger,88.19
I00094,R0145,Food_Item_00094,Pizza,662.37
I00095,R0221,Food_Item_00095,Beverages,795.05
I00096,R0310,Food_Item_00096,Pizza,96.39
I00097,R0351,Food_Item_00097,Biryani,771.81
I00098,R0297,Food_Item_00098,Bengali,202.2
I00099,R0368,Food_Item_00099,South Indian,770.52
I00100,R0058,Food_Item_00100,Bengali,524.36
I00101,R0140,Food_Item_00101,South Indian,383.53
I00102,R0381,Food_Item_00102,Bengali,851.84
I00103,R0360,Food_Item_00103,Chinese,582.13
I00104,R0317,Food_Item_00104,South Indian,111.7
I00105,R0470,Food_Item_00105,Pizza,708.12
I00106,R0492,Food_Item_00106,Desserts,229.57
I00107,R0042,Food_Item_00107,Bengali,837.09
I00108,R0277,Food_Item_00108,Burger,216.49
I00109,R0451,Food_Item_00109,Bengali,479.88
I00110,R0164,Food_Item_00110,Burger,508.51
I00111,R0030,Food_Item_00111,Desserts,542.3
I00112,R0060,Food_Item_00112,Bengali,517.3
I00113,R0362,Food_Item_00113,Bengali,440.02
I00114,R0460,Food_Item_00114,Bengali,664.52
I00115,R0354,Food_Item_00115,Beverages,207.56
I00116,R0019,Food_Item_00116,Beverages,725.56
I00117,R0207,Food_Item_00117,Burger,110.71
I00118,R0175,Food_Item_00118,Chinese,770.52
I00119,R0456,Food_Item_00119,South Indian,694.86
I00120,R0266,Food_Item_00120,Desserts,732.23
I00121,R0118,Food_Item_00121,Biryani,323.48
I00122,R0285,Food_Item_00122,Healthy,776.76
I00123,R0375,Food_Item_00123,Burger,646.75
I00124,R0292,Food_Item_00124,Chinese,874.2
I00125,R0209,Food_Item_00125,Burger,96.41
I00126,R0359,Food_Item_00126,South Indian,728.23
I00127,R0153,Food_Item_00127,Burger,591.11
I00128,R0065,Food_Item_00128,Healthy,891.01
I00129,R0432,Food_Item_00129,Burger,443.29
I00130,R0360,Food_Item_00130,Burger,309.32
I00131,R0366,Food_Item_00131,Biryani,801.39
I00132,R0445,Food_Item_00132,Desserts,347.07
I00133,R0357,Food_Item_00133,Healthy,656.29
I00134,R0016,Food_Item_00134,Bengali,352.12
I00135,R0422,Food_Item_00135,Healthy,855.49
I00136,R0018,Food_Item_00136,Chinese,511.4
I00137,R0347,Food_Item_00137,Desserts,342.23
I00138,R0496,Food_Item_00138,Beverages,754.38
I00139,R0202,Food_Item_00139,Desserts,131.23
I00140,R0156,Food_Item_00140,Pizza,156.88
I00141,R0464,Food_Item_00141,Healthy,766.11
I00142,R0228,Food_Item_00142,Biryani,345.2
I00143,R0462,Food_Item_00143,Pizza,224.78
I00144,R0156,Food_Item_00144,Pizza,561.47
I00145,R0093,Food_Item_00145,Desserts,288.75
I00146,R0279,Food_Item_00146,Beverages,889.49
I00147,R0187,Food_Item_00147,South Indian,752.89
I00148,R0356,Food_Item_00148,Chinese,809.12
I00149,R0150,Food_Item_00149,South Indian,763.54
I00150,R0380,Food_Item_00150,Desserts,806.41
I00151,R0178,Food_Item_00151,Pizza,357.14
I00152,R0178,Food_Item_00152,Burger,632.2
I00153,R0355,Food_Item_00153,Burger,823.73
I00154,R0131,Food_Item_00154,South Indian,642.48
I00155,R0143,Food_Item_00155,Desserts,897.67
I00156,R0274,Food_Item_00156,South Indian,789.74
I00157,R0166,Food_Item_00157,Biryani,138.17
I00158,R0193,Food_Item_00158,Burger,491.37
I00159,R0170,Food_Item_00159,Biryani,305.94
I00160,R0312,Food_Item_00160,Chinese,797.55
I00161,R0168,Food_Item_00161,South Indian,848.54
I00162,R0306,Food_Item_00162,Burger,544.63
I00163,R0118,Food_Item_00163,Biryani,127.68
I00164,R0448,Food_Item_00164,Biryani,364.28
I00165,R0476,Food_Item_00165,Desserts,234.63
I00166,R0002,Food_Item_00166,Chinese,514.0
I00167,R0053,Food_Item_00167,Healthy,887.57
I00168,R0051,Food_Item_00168,Bengali,361.47
I00169,R0092,Food_Item_00169,Burger,681.86
I00170,R0394,Food_Item_00170,Biryani,761.46
I00171,R0124,Food_Item_00171,Desserts,760.74
I00172,R0292,Food_Item_00172,Chinese,202.61
I00173,R0126,Food_Item_00173,Bengali,274.7
I00174,R0032,Food_Item_00174,South Indian,263.09
I00175,R0042,Food_Item_00175,Biryani,323.77
I00176,R0472,Food_Item_00176,Healthy,118.38
I00177,R0280,Food_Item_00177,Pizza,522.29
I00178,R0326,Food_Item_00178,Bengali,687.56
I00179,R0095,Food_Item_00179,Pizza,293.87
I00180,R0243,Food_Item_00180,Healthy,604.66
I00181,R0329,Food_Item_00181,Burger,527.38
I00182,R0390,Food_Item_00182,South Indian,161.32
I00183,R0329,Food_Item_00183,Biryani,276.62
I00184,R0299,Food_Item_00184,Beverages,278.02
I00185,R0313,Food_Item_00185,Burger,480.72
I00186,R0187,Food_Item_00186,Biryani,594.84
I00187,R0350,Food_Item_00187,Burger,327.13
I00188,R0149,Food_Item_00188,Bengali,184.24
I00189,R0360,Food_Item_00189,Burger,300.76
I00190,R0227,Food_Item_00190,Chinese,112.95
I00191,R0289,Food_Item_00191,Biryani,693.91
I00192,R0238,Food_Item_00192,Desserts,653.43
I00193,R0285,Food_Item_00193,Chinese,629.94
I00194,R0357,Food_Item_00194,Beverages,586.58
I00195,R0141,Food_Item_00195,Chinese,324.11
I00196,R0237,Food_Item_00196,Desserts,174.7
I00197,R0202,Food_Item_00197,Burger,571.19
I00198,R0010,Food_Item_00198,Biryani,680.71
I00199,R0427,Food_Item_00199,Bengali,744.89
I00200,R0343,Food_Item_00200,Bengali,675.76
I00201,R0023,Food_Item_00201,Healthy,620.1
I00202,R0035,Food_Item_00202,Desserts,756.0
I00203,R0464,Food_Item_00203,Bengali,704.66
I00204,R0424,Food_Item_00204,Biryani,854.82
I00205,R0365,Food_Item_00205,Beverages,84.96
I00206,R0355,Food_Item_00206,Pizza,200.27
I00207,R0421,Food_Item_00207,Desserts,555.4
I00208,R0299,Food_Item_00208,Desserts,408.87
I00209,R0003,Food_Item_00209,Beverages,359.21
I00210,R0228,Food_Item_00210,Burger,691.64
I00211,R0166,Food_Item_00211,South Indian,519.22
I00212,R0087,Food_Item_00212,Biryani,511.72
I00213,R0430,Food_Item_00213,Chinese,120.86
I00214,R0328,Food_Item_00214,Healthy,458.26
I00215,R0451,Food_Item_00215,Pizza,578.58
I00216,R0055,Food_Item_00216,Healthy,309.67
I00217,R0488,Food_Item_00217,Biryani,275.97
I00218,R0303,Food_Item_00218,Chinese,531.5
I00219,R0285,Food_Item_00219,Chinese,827.81
I00220,R0092,Food_Item_00220,Healthy,175.43
I00221,R0313,Food_Item_00221,South Indian,333.47
I00222,R0299,Food_Item_00222,Beverages,127.67
I00223,R0351,Food_Item_00223,Beverages,346.81
I00224,R0076,Food_Item_00224,Bengali,649.77
I00225,R0319,Food_Item_00225,Desserts,341.31
I00226,R0048,Food_Item_00226,Desserts,406.77
I00227,R0036,Food_Item_00227,South Indian,847.11
I00228,R0236,Food_Item_00228,Healthy,364.61
I00229,R0060,Food_Item_00229,Chinese,522.43
I00230,R0355,Food_Item_00230,Desserts,845.57
I00231,R0242,Food_Item_00231,Chinese,496.98
I00232,R0120,Food_Item_00232,Chinese,219.53
I00233,R0137,Food_Item_00233,Chinese,197.33
I00234,R0249,Food_Item_00234,Pizza,817.09
I00235,R0300,Food_Item_00235,Beverages,806.22
I00236,R0400,Food_Item_00236,Chinese,285.84
I00237,R0287,Food_Item_00237,Desserts,591.03
I00238,R0275,Food_Item_00238,Pizza,216.55
I00239,R0304,Food_Item_00239,Desserts,269.83
I00240,R0299,Food_Item_00240,Biryani,834.94
I00241,R0175,Food_Item_00241,Bengali,409.45
I00242,R0111,Food_Item_00242,South Indian,250.99
I00243,R0263,Food_Item_00243,Pizza,509.78
I00244,R0063,Food_Item_00244,Burger,777.82
I00245,R0121,Food_Item_00245,Biryani,763.02
I00246,R0075,Food_Item_00246,Biryani,622.85
I00247,R0246,Food_Item_00247,Beverages,747.03
I00248,R0487,Food_Item_00248,Beverages,719.23
I00249,R0438,Food_Item_00249,Beverages,870.19
I00250,R0044,Food_Item_00250,Pizza,617.79
I00251,R0411,Food_Item_00251,Bengali,570.28
I00252,R0076,Food_Item_00252,Bengali,822.65
I00253,R0456,Food_Item_00253,Chinese,376.47
I00254,R0103,Food_Item_00254,Bengali,484.17
I00255,R0063,Food_Item_00255,Burger,784.49
I00256,R0394,Food_Item_00256,Healthy,882.75
I00257,R0417,Food_Item_00257,Burger,425.44
I00258,R0199,Food_Item_00258,Burger,563.63
I00259,R0274,Food_Item_00259,Desserts,766.93
I00260,R0396,Food_Item_00260,Burger,505.38
I00261,R0427,Food_Item_00261,Healthy,411.72
I00262,R0210,Food_Item_00262,Bengali,133.19
I00263,R0393,Food_Item_00263,Healthy,253.89
I00264,R0398,Food_Item_00264,Bengali,351.77
I00265,R0397,Food_Item_00265,Healthy,409.35
I00266,R0448,Food_Item_00266,Beverages,716.49
I00267,R0419,Food_Item_00267,Beverages,216.79
I00268,R0224,Food_Item_00268,Pizza,139.36
I00269,R0158,Food_Item_00269,Beverages,561.98
I00270,R0494,Food_Item_00270,Burger,86.64
I00271,R0224,Food_Item_00271,Beverages,843.31
I00272,R0467,Food_Item_00272,Biryani,289.93
I00273,R0499,Food_Item_00273,Biryani,763.59
I00274,R0008,Food_Item_00274,Desserts,391.21
I00275,R0071,Food_Item_00275,Biryani,899.06
I00276,R0283,Food_Item_00276,Burger,491.04
I00277,R0044,Food_Item_00277,South Indian,869.55
I00278,R0329,Food_Item_00278,Burger,464.48
I00279,R0006,Food_Item_00279,Desserts,665.69
I00280,R0422,Food_Item_00280,Bengali,132.18
I00281,R0215,Food_Item_00281,Bengali,444.87
I00282,R0337,Food_Item_00282,Burger,302.05
I00283,R0233,Food_Item_00283,Biryani,730.4
I00284,R0345,Food_Item_00284,Biryani,516.6
I00285,R0341,Food_Item_00285,Burger,604.81
I00286,R0145,Food_Item_00286,Burger,288.13
I00287,R0401,Food_Item_00287,Bengali,175.8
I00288,R0411,Food_Item_00288,Beverages,638.06
I00289,R0161,Food_Item_00289,Burger,442.66
I00290,R0032,Food_Item_00290,Bengali,421.97
I00291,R0225,Food_Item_00291,Healthy,870.43
I00292,R0329,Food_Item_00292,South Indian,176.97
I00293,R0390,Food_Item_00293,Pizza,607.95
I00294,R0102,Food_Item_00294,South Indian,129.41
I00295,R0241,Food_Item_00295,Biryani,641.63
I00296,R0383,Food_Item_00296,Healthy,538.91
I00297,R0263,Food_Item_00297,Healthy,676.07
I00298,R0396,Food_Item_00298,Biryani,695.68
I00299,R0338,Food_Item_00299,Burger,188.28
I00300,R0088,Food_Item_00300,Pizza,305.25
I00301,R0106,Food_Item_00301,Beverages,286.96
I00302,R0397,Food_Item_00302,Beverages,578.58
I00303,R0352,Food_Item_00303,Chinese,291.85
I00304,R0419,Food_Item_00304,South Indian,503.02
I00305,R0148,Food_Item_00305,Bengali,442.55
I00306,R0027,Food_Item_00306,Healthy,560.24
I00307,R0119,Food_Item_00307,Beverages,368.11
I00308,R0216,Food_Item_00308,Desserts,838.46
I00309,R0061,Food_Item_00309,South Indian,871.31
I00310,R0097,Food_Item_00310,Desserts,367.72
I00311,R0073,Food_Item_00311,Bengali,829.69
I00312,R0064,Food_Item_00312,Bengali,730.29
I00313,R0192,Food_Item_00313,Pizza,265.41
I00314,R0402,Food_Item_00314,Biryani,541.5
I00315,R0190,Food_Item_00315,South Indian,389.65
I00316,R0147,Food_Item_00316,Healthy,736.77
I00317,R0275,Food_Item_00317,Healthy,813.01
I00318,R0322,Food_Item_00318,South Indian,590.38
I00319,R0175,Food_Item_00319,Healthy,596.71
I00320,R0002,Food_Item_00320,Biryani,671.43
I00321,R0149,Food_Item_00321,Beverages,485.96
I00322,R0040,Food_Item_00322,Pizza,465.94
I00323,R0073,Food_Item_00323,Chinese,541.83
I00324,R0306,Food_Item_00324,Chinese,751.06
I00325,R0090,Food_Item_00325,Burger,610.89
I00326,R0186,Food_Item_00326,Burger,198.07
I00327,R0197,Food_Item_00327,South Indian,195.13
I00328,R0440,Food_Item_00328,Biryani,421.04
I00329,R0077,Food_Item_00329,Pizza,620.46
I00330,R0042,Food_Item_00330,Burger,400.71
I00331,R0268,Food_Item_00331,Biryani,393.03
I00332,R0312,Food_Item_00332,Healthy,814.27
I00333,R0252,Food_Item_00333,Chinese,791.94
I00334,R0352,Food_Item_00334,Bengali,470.04
I00335,R0432,Food_Item_00335,Bengali,668.99
I00336,R0306,Food_Item_00336,Burger,450.72
I00337,R0269,Food_Item_00337,Burger,574.57
I00338,R0341,Food_Item_00338,Biryani,305.1
I00339,R0107,Food_Item_00339,Beverages,487.98
I00340,R0125,Food_Item_00340,Desserts,606.88
I00341,R0186,Food_Item_00341,Bengali,442.26
I00342,R0384,Food_Item_00342,Desserts,702.7
I00343,R0426,Food_Item_00343,Beverages,299.2
I00344,R0278,Food_Item_00344,Biryani,90.56
I00345,R0310,Food_Item_00345,Desserts,829.69
I00346,R0395,Food_Item_00346,Healthy,376.05
I00347,R0122,Food_Item_00347,Beverages,286.71
I00348,R0061,Food_Item_00348,Burger,470.37
I00349,R0374,Food_Item_00349,Bengali,284.48
I00350,R0064,Food_Item_00350,Burger,681.26
I00351,R0079,Food_Item_00351,Pizza,331.57
I00352,R0198,Food_Item_00352,Burger,893.19
I00353,R0393,Food_Item_00353,Chinese,306.51
I00354,R0195,Food_Item_00354,Healthy,376.74
I00355,R0060,Food_Item_00355,South Indian,521.47
I00356,R0065,Food_Item_00356,Beverages,82.73
I00357,R0127,Food_Item_00357,Healthy,83.39
I00358,R0041,Food_Item_00358,Bengali,271.7
I00359,R0165,Food_Item_00359,South Indian,146.97
I00360,R0041,Food_Item_00360,South Indian,703.26
I00361,R0423,Food_Item_00361,Beverages,794.89
I00362,R0027,Food_Item_00362,Burger,418.86
I00363,R0099,Food_Item_00363,South Indian,503.55
I00364,R0017,Food_Item_00364,Chinese,582.45
I00365,R0146,Food_Item_00365,Burger,157.8
I00366,R0404,Food_Item_00366,Burger,465.25
I00367,R0289,Food_Item_00367,Biryani,866.69
I00368,R0468,Food_Item_00368,Beverages,250.46
I00369,R0309,Food_Item_00369,Beverages,148.93
I00370,R0213,Food_Item_00370,Desserts,310.07
I00371,R0480,Food_Item_00371,Desserts,529.3
I00372,R0094,Food_Item_00372,Chinese,792.16
I00373,R0057,Food_Item_00373,South Indian,370.94
I00374,R0165,Food_Item_00374,Healthy,362.74
I00375,R0465,Food_Item_00375,Biryani,361.31
I00376,R0410,Food_Item_00376,Pizza,769.55
I00377,R0269,Food_Item_00377,Beverages,464.83
I00378,R0465,Food_Item_00378,Biryani,351.73
I00379,R0324,Food_Item_00379,Desserts,225.1
I00380,R0120,Food_Item_00380,Chinese,182.99
I00381,R0003,Food_Item_00381,Desserts,878.79
I00382,R0016,Food_Item_00382,Healthy,478.87
I00383,R0425,Food_Item_00383,Bengali,139.21
I00384,R0155,Food_Item_00384,Biryani,823.22
I00385,R0211,Food_Item_00385,South Indian,862.35
I00386,R0193,Food_Item_00386,Biryani,274.48
I00387,R0045,Food_Item_00387,Healthy,339.18
I00388,R0002,Food_Item_00388,Chinese,867.6
I00389,R0364,Food_Item_00389,Healthy,92.92
I00390,R0341,Food_Item_00390,Healthy,345.94
I00391,R0113,Food_Item_00391,Burger,432.68
I00392,R0063,Food_Item_00392,Chinese,711.72
I00393,R0258,Food_Item_00393,Beverages,381.56
I00394,R0041,Food_Item_00394,Desserts,357.5
I00395,R0146,Food_Item_00395,South Indian,678.11
I00396,R0360,Food_Item_00396,Beverages,776.43
I00397,R0087,Food_Item_00397,Burger,156.48
I00398,R0386,Food_Item_00398,Desserts,196.83
I00399,R0442,Food_Item_00399,Chinese,621.01
I00400,R0093,Food_Item_00400,Biryani,337.76
I00401,R0333,Food_Item_00401,Chinese,628.12
I00402,R0385,Food_Item_00402,Pizza,222.63
I00403,R0260,Food_Item_00403,Healthy,739.3
I00404,R0149,Food_Item_00404,Burger,343.56
I00405,R0492,Food_Item_00405,Healthy,354.83
I00406,R0155,Food_Item_00406,Beverages,226.67
I00407,R0124,Food_Item_00407,Chinese,253.32
I00408,R0062,Food_Item_00408,Beverages,570.68
I00409,R0454,Food_Item_00409,Biryani,556.92
I00410,R0114,Food_Item_00410,Pizza,756.01
I00411,R0067,Food_Item_00411,Beverages,596.83
I00412,R0020,Food_Item_00412,Chinese,430.83
I00413,R0146,Food_Item_00413,Pizza,738.81
I00414,R0336,Food_Item_00414,Pizza,93.61
I00415,R0342,Food_Item_00415,Beverages,655.47
I00416,R0426,Food_Item_00416,South Indian,525.41
I00417,R0335,Food_Item_00417,Chinese,261.13
I00418,R0025,Food_Item_00418,Chinese,602.74
I00419,R0422,Food_Item_00419,Biryani,889.06
I00420,R0128,Food_Item_00420,Healthy,364.14
I00421,R0479,Food_Item_00421,Pizza,603.57
I00422,R0174,Food_Item_00422,Chinese,440.29
I00423,R0009,Food_Item_00423,Beverages,401.8
I00424,R0197,Food_Item_00424,Biryani,331.87
I00425,R0226,Food_Item_00425,Bengali,267.74
I00426,R0413,Food_Item_00426,South Indian,273.18
I00427,R0277,Food_Item_00427,Desserts,714.89
I00428,R0022,Food_Item_00428,Healthy,345.51
I00429,R0024,Food_Item_00429,Biryani,514.25
I00430,R0308,Food_Item_00430,Chinese,255.08
I00431,R0042,Food_Item_00431,Chinese,254.22
I00432,R0267,Food_Item_00432,Beverages,561.4
I00433,R0449,Food_Item_00433,South Indian,557.87
I00434,R0420,Food_Item_00434,Chinese,494.32
I00435,R0316,Food_Item_00435,Burger,648.41
I00436,R0153,Food_Item_00436,Bengali,602.36
I00437,R0258,Food_Item_00437,Bengali,244.08
I00438,R0051,Food_Item_00438,South Indian,125.51
I00439,R0370,Food_Item_00439,Bengali,301.13
I00440,R0066,Food_Item_00440,Beverages,433.62
I00441,R0026,Food_Item_00441,Beverages,250.8
I00442,R0316,Food_Item_00442,Bengali,475.57
I00443,R0287,Food_Item_00443,Healthy,110.1
I00444,R0273,Food_Item_00444,Chinese,471.24
I00445,R0238,Food_Item_00445,Biryani,368.24
I00446,R0297,Food_Item_00446,Desserts,866.47
I00447,R0221,Food_Item_00447,Desserts,798.89
I00448,R0069,Food_Item_00448,Biryani,859.92
I00449,R0285,Food_Item_00449,Burger,620.24
I00450,R0022,Food_Item_00450,Burger,877.0
I00451,R0032,Food_Item_00451,South Indian,235.41
I00452,R0284,Food_Item_00452,Burger,516.56
I00453,R0352,Food_Item_00453,Desserts,689.41
I00454,R0041,Food_Item_00454,Bengali,475.52
I00455,R0189,Food_Item_00455,Beverages,255.27
I00456,R0465,Food_Item_00456,Beverages,616.13
I00457,R0391,Food_Item_00457,Burger,876.39
I00458,R0402,Food_Item_00458,South Indian,509.02
I00459,R0329,Food_Item_00459,Bengali,283.45
I00460,R0090,Food_Item_00460,South Indian,113.22
I00461,R0194,Food_Item_00461,Healthy,165.39
I00462,R0299,Food_Item_00462,Biryani,717.32
I00463,R0334,Food_Item_00463,Healthy,477.91
I00464,R0067,Food_Item_00464,Healthy,251.1
I00465,R0486,Food_Item_00465,Chinese,785.26
I00466,R0469,Food_Item_00466,Burger,437.58
I00467,R0019,Food_Item_00467,Biryani,732.51
I00468,R0295,Food_Item_00468,Pizza,745.26
I00469,R0072,Food_Item_00469,Burger,668.69
I00470,R0159,Food_Item_00470,Beverages,877.51
I00471,R0444,Food_Item_00471,Desserts,815.46
I00472,R0341,Food_Item_00472,Healthy,182.86
I00473,R0177,Food_Item_00473,Burger,361.88
I00474,R0002,Food_Item_00474,Burger,862.48
I00475,R0419,Food_Item_00475,Beverages,617.57
I00476,R0144,Food_Item_00476,South Indian,443.86
I00477,R0303,Food_Item_00477,Biryani,786.94
I00478,R0118,Food_Item_00478,Beverages,603.89
I00479,R0395,Food_Item_00479,Biryani,383.87
I00480,R0174,Food_Item_00480,Biryani,302.42
I00481,R0370,Food_Item_00481,Healthy,777.9
I00482,R0043,Food_Item_00482,Healthy,774.35
I00483,R0308,Food_Item_00483,Desserts,833.01
I00484,R0484,Food_Item_00484,Burger,723.33
I00485,R0237,Food_Item_00485,Pizza,231.51
I00486,R0234,Food_Item_00486,South Indian,398.55
I00487,R0344,Food_Item_00487,South Indian,349.03
I00488,R0429,Food_Item_00488,Biryani,291.46
I00489,R0406,Food_Item_00489,Bengali,731.68
I00490,R0030,Food_Item_00490,Biryani,182.21
I00491,R0149,Food_Item_00491,South Indian,472.95
I00492,R0423,Food_Item_00492,Pizza,789.82
I00493,R0488,Food_Item_00493,Biryani,726.96
I00494,R0327,Food_Item_00494,Burger,299.25
I00495,R0003,Food_Item_00495,Bengali,109.15
I00496,R0340,Food_Item_00496,Healthy,419.38
I00497,R0474,Food_Item_00497,Biryani,566.67
I00498,R0404,Food_Item_00498,South Indian,780.89
I00499,R0362,Food_Item_00499,Desserts,513.18
I00500,R0264,Food_Item_00500,Burger,297.97
I00501,R0452,Food_Item_00501,Beverages,646.42
I00502,R0318,Food_Item_00502,South Indian,409.36
I00503,R0256,Food_Item_00503,Biryani,756.69
I00504,R0450,Food_Item_00504,Burger,99.45
I00505,R0002,Food_Item_00505,Chinese,423.59
I00506,R0063,Food_Item_00506,Bengali,426.17
I00507,R0421,Food_Item_00507,Pizza,561.79
I00508,R0028,Food_Item_00508,South Indian,374.06
I00509,R0449,Food_Item_00509,Beverages,409.78
I00510,R0492,Food_Item_00510,Chinese,682.61
I00511,R0131,Food_Item_00511,Pizza,220.45
I00512,R0441,Food_Item_00512,Desserts,275.46
I00513,R0274,Food_Item_00513,Bengali,163.96
I00514,R0257,Food_Item_00514,Chinese,291.29
I00515,R0462,Food_Item_00515,Beverages,494.42
I00516,R0391,Food_Item_00516,Beverages,235.11
I00517,R0445,Food_Item_00517,Biryani,140.33
I00518,R0441,Food_Item_00518,Bengali,897.02
I00519,R0364,Food_Item_00519,Bengali,453.27
I00520,R0234,Food_Item_00520,Pizza,761.87
I00521,R0093,Food_Item_00521,Pizza,685.79
I00522,R0049,Food_Item_00522,Pizza,215.66
I00523,R0127,Food_Item_00523,Burger,500.07
I00524,R0241,Food_Item_00524,Burger,545.64
I00525,R0069,Food_Item_00525,Desserts,209.43
I00526,R0176,Food_Item_00526,Healthy,171.76
I00527,R0398,Food_Item_00527,South Indian,295.85
I00528,R0012,Food_Item_00528,Beverages,294.24
I00529,R0155,Food_Item_00529,South Indian,307.62
I00530,R0480,Food_Item_00530,Healthy,287.01
I00531,R0163,Food_Item_00531,Chinese,528.39
I00532,R0358,Food_Item_00532,Desserts,321.4
I00533,R0305,Food_Item_00533,Beverages,712.75
I00534,R0393,Food_Item_00534,Healthy,122.95
I00535,R0365,Food_Item_00535,Chinese,589.64
I00536,R0299,Food_Item_00536,Chinese,713.4
I00537,R0486,Food_Item_00537,Biryani,438.48
I00538,R0135,Food_Item_00538,Bengali,341.85
I00539,R0140,Food_Item_00539,Bengali,328.53
I00540,R0293,Food_Item_00540,Chinese,348.79
I00541,R0358,Food_Item_00541,Pizza,176.24
I00542,R0341,Food_Item_00542,Beverages,556.48
I00543,R0479,Food_Item_00543,Healthy,591.25
I00544,R0299,Food_Item_00544,Healthy,399.54
I00545,R0381,Food_Item_00545,South Indian,863.8
I00546,R0064,Food_Item_00546,Desserts,827.38
I00547,R0020,Food_Item_00547,Beverages,324.26
I00548,R0407,Food_Item_00548,Beverages,680.53
I00549,R0224,Food_Item_00549,Chinese,175.38
I00550,R0149,Food_Item_00550,Beverages,701.41
I00551,R0376,Food_Item_00551,Bengali,683.31
I00552,R0199,Food_Item_00552,Biryani,372.44
I00553,R0015,Food_Item_00553,Pizza,397.3
I00554,R0276,Food_Item_00554,South Indian,560.57
I00555,R0063,Food_Item_00555,Healthy,309.78
I00556,R0489,Food_Item_00556,Desserts,549.64
I00557,R0165,Food_Item_00557,Bengali,807.85
I00558,R0157,Food_Item_00558,Bengali,444.77
I00559,R0422,Food_Item_00559,Healthy,247.45
I00560,R0021,Food_Item_00560,South Indian,537.6
I00561,R0339,Food_Item_00561,Chinese,615.33
I00562,R0487,Food_Item_00562,Chinese,511.31
I00563,R0015,Food_Item_00563,South Indian,99.38
I00564,R0479,Food_Item_00564,Pizza,628.81
I00565,R0309,Food_Item_00565,Healthy,110.25
I00566,R0100,Food_Item_00566,Healthy,422.29
I00567,R0427,Food_Item_00567,Chinese,419.81
I00568,R0415,Food_Item_00568,Desserts,774.05
I00569,R0492,Food_Item_00569,Desserts,787.39
I00570,R0460,Food_Item_00570,Bengali,715.53
I00571,R0306,Food_Item_00571,Pizza,752.18
I00572,R0007,Food_Item_00572,Biryani,259.42
I00573,R0374,Food_Item_00573,Desserts,667.35
I00574,R0378,Food_Item_00574,Pizza,694.41
I00575,R0387,Food_Item_00575,Beverages,718.02
I00576,R0090,Food_Item_00576,Chinese,731.72
I00577,R0368,Food_Item_00577,Beverages,213.86
I00578,R0414,Food_Item_00578,Pizza,290.68
I00579,R0038,Food_Item_00579,Chinese,722.62
I00580,R0011,Food_Item_00580,Pizza,200.83
I00581,R0042,Food_Item_00581,South Indian,181.65
I00582,R0346,Food_Item_00582,Biryani,881.15
I00583,R0151,Food_Item_00583,Burger,873.59
I00584,R0409,Food_Item_00584,Burger,356.12
I00585,R0479,Food_Item_00585,South Indian,87.05
I00586,R0018,Food_Item_00586,Biryani,406.56
I00587,R0370,Food_Item_00587,Burger,101.22
I00588,R0379,Food_Item_00588,Desserts,197.61
I00589,R0038,Food_Item_00589,Chinese,263.77
I00590,R0060,Food_Item_00590,Bengali,768.16
I00591,R0403,Food_Item_00591,Beverages,387.75
I00592,R0040,Food_Item_00592,South Indian,86.74
I00593,R0100,Food_Item_00593,Beverages,602.24
I00594,R0461,Food_Item_00594,Healthy,137.92
I00595,R0364,Food_Item_00595,South Indian,813.17
I00596,R0462,Food_Item_00596,South Indian,281.19
I00597,R0138,Food_Item_00597,Burger,274.95
I00598,R0371,Food_Item_00598,Beverages,405.58
I00599,R0305,Food_Item_00599,Beverages,168.11
I00600,R0446,Food_Item_00600,Pizza,98.97
I00601,R0113,Food_Item_00601,Bengali,829.78
I00602,R0009,Food_Item_00602,Burger,788.16
I00603,R0200,Food_Item_00603,Healthy,831.38
I00604,R0256,Food_Item_00604,Burger,634.84
I00605,R0288,Food_Item_00605,Biryani,90.68
I00606,R0436,Food_Item_00606,Healthy,878.01
I00607,R0344,Food_Item_00607,Bengali,661.19
I00608,R0447,Food_Item_00608,Healthy,420.49
I00609,R0365,Food_Item_00609,Healthy,680.63
I00610,R0184,Food_Item_00610,South Indian,545.0
I00611,R0409,Food_Item_00611,Chinese,630.78
I00612,R0163,Food_Item_00612,Beverages,755.77
I00613,R0407,Food_Item_00613,Chinese,847.67
I00614,R0350,Food_Item_00614,Burger,733.26
I00615,R0111,Food_Item_00615,Bengali,814.62
I00616,R0031,Food_Item_00616,Bengali,545.35
I00617,R0444,Food_Item_00617,Beverages,357.51
I00618,R0391,Food_Item_00618,Pizza,629.15
I00619,R0026,Food_Item_00619,South Indian,536.11
I00620,R0125,Food_Item_00620,Bengali,126.09
I00621,R0242,Food_Item_00621,Healthy,552.22
I00622,R0261,Food_Item_00622,Burger,422.28
I00623,R0189,Food_Item_00623,Bengali,383.05
I00624,R0097,Food_Item_00624,Bengali,674.06
I00625,R0334,Food_Item_00625,Healthy,805.79
I00626,R0368,Food_Item_00626,Chinese,241.65
I00627,R0321,Food_Item_00627,Pizza,731.81
I00628,R0479,Food_Item_00628,Bengali,219.07
I00629,R0197,Food_Item_00629,Beverages,552.69
I00630,R0271,Food_Item_00630,Pizza,775.53
I00631,R0159,Food_Item_00631,Desserts,822.79
I00632,R0476,Food_Item_00632,South Indian,332.92
I00633,R0210,Food_Item_00633,Beverages,751.48
I00634,R0202,Food_Item_00634,Burger,800.61
I00635,R0372,Food_Item_00635,Beverages,221.68
I00636,R0144,Food_Item_00636,Pizza,395.47
I00637,R0183,Food_Item_00637,South Indian,716.52
I00638,R0420,Food_Item_00638,South Indian,92.07
I00639,R0011,Food_Item_00639,Burger,593.13
I00640,R0019,Food_Item_00640,Pizza,420.01
I00641,R0434,Food_Item_00641,Healthy,504.36
I00642,R0141,Food_Item_00642,Chinese,423.06
I00643,R0391,Food_Item_00643,Healthy,240.22
I00644,R0346,Food_Item_00644,Burger,365.73
I00645,R0100,Food_Item_00645,Bengali,786.06
I00646,R0095,Food_Item_00646,South Indian,580.99
I00647,R0492,Food_Item_00647,Chinese,471.36
I00648,R0446,Food_Item_00648,South Indian,658.96
I00649,R0129,Food_Item_00649,Burger,230.66
I00650,R0242,Food_Item_00650,Pizza,148.45
I00651,R0432,Food_Item_00651,Desserts,529.85
I00652,R0123,Food_Item_00652,Burger,89.43
I00653,R0331,Food_Item_00653,South Indian,201.54
I00654,R0186,Food_Item_00654,Bengali,667.99
I00655,R0442,Food_Item_00655,Healthy,819.33
I00656,R0142,Food_Item_00656,Beverages,313.92
I00657,R0217,Food_Item_00657,Pizza,393.75
I00658,R0351,Food_Item_00658,Biryani,638.44
I00659,R0336,Food_Item_00659,Healthy,740.01
I00660,R0055,Food_Item_00660,Biryani,293.37
I00661,R0044,Food_Item_00661,Desserts,757.46
I00662,R0427,Food_Item_00662,Beverages,877.6
I00663,R0381,Food_Item_00663,Beverages,152.13
I00664,R0075,Food_Item_00664,Chinese,263.94
I00665,R0325,Food_Item_00665,Chinese,675.44
I00666,R0142,Food_Item_00666,Burger,110.1
I00667,R0204,Food_Item_00667,Pizza,312.9
I00668,R0314,Food_Item_00668,Burger,772.51
I00669,R0320,Food_Item_00669,Pizza,638.96
I00670,R0178,Food_Item_00670,Healthy,605.38
I00671,R0416,Food_Item_00671,South Indian,581.84
I00672,R0256,Food_Item_00672,South Indian,491.56
I00673,R0407,Food_Item_00673,Bengali,708.73
I00674,R0285,Food_Item_00674,Pizza,789.54
I00675,R0179,Food_Item_00675,Healthy,732.34
I00676,R0130,Food_Item_00676,Chinese,475.81
I00677,R0007,Food_Item_00677,South Indian,718.38
I00678,R0268,Food_Item_00678,Burger,699.39
I00679,R0279,Food_Item_00679,Burger,453.73
I00680,R0470,Food_Item_00680,Pizza,353.97
I00681,R0130,Food_Item_00681,South Indian,416.31
I00682,R0002,Food_Item_00682,Healthy,484.43
I00683,R0448,Food_Item_00683,Biryani,200.5
I00684,R0299,Food_Item_00684,South Indian,259.15
I00685,R0025,Food_Item_00685,Chinese,163.51
I00686,R0161,Food_Item_00686,Desserts,139.28
I00687,R0486,Food_Item_00687,Desserts,544.22
I00688,R0432,Food_Item_00688,Healthy,652.42
I00689,R0277,Food_Item_00689,Burger,583.16
I00690,R0049,Food_Item_00690,Pizza,676.06
I00691,R0326,Food_Item_00691,South Indian,413.33
I00692,R0031,Food_Item_00692,Pizza,735.3
I00693,R0196,Food_Item_00693,South Indian,693.1
I00694,R0203,Food_Item_00694,Burger,663.02
I00695,R0389,Food_Item_00695,Burger,708.12
I00696,R0337,Food_Item_00696,Desserts,269.79
I00697,R0240,Food_Item_00697,Pizza,546.94
I00698,R0004,Food_Item_00698,Chinese,715.45
I00699,R0010,Food_Item_00699,Desserts,161.07
I00700,R0406,Food_Item_00700,South Indian,282.6
I00701,R0326,Food_Item_00701,Beverages,482.48
I00702,R0169,Food_Item_00702,Biryani,419.63
I00703,R0376,Food_Item_00703,Chinese,829.7
I00704,R0461,Food_Item_00704,Biryani,695.53
I00705,R0007,Food_Item_00705,Biryani,113.48
I00706,R0453,Food_Item_00706,Chinese,461.55
I00707,R0124,Food_Item_00707,Burger,705.3
I00708,R0382,Food_Item_00708,Pizza,628.59
I00709,R0296,Food_Item_00709,Healthy,520.87
I00710,R0369,Food_Item_00710,Beverages,149.86
I00711,R0059,Food_Item_00711,Chinese,830.41
I00712,R0301,Food_Item_00712,Healthy,420.38
I00713,R0484,Food_Item_00713,Biryani,199.01
I00714,R0398,Food_Item_00714,Healthy,149.2
I00715,R0400,Food_Item_00715,Beverages,723.53
I00716,R0090,Food_Item_00716,South Indian,582.45
I00717,R0138,Food_Item_00717,Desserts,286.4
I00718,R0409,Food_Item_00718,Burger,517.09
I00719,R0202,Food_Item_00719,Healthy,856.1
I00720,R0283,Food_Item_00720,South Indian,484.36
I00721,R0084,Food_Item_00721,Pizza,400.32
I00722,R0391,Food_Item_00722,Biryani,332.43
I00723,R0223,Food_Item_00723,Desserts,229.47
I00724,R0247,Food_Item_00724,Healthy,826.49
I00725,R0477,Food_Item_00725,Desserts,220.79
I00726,R0316,Food_Item_00726,Desserts,124.79
I00727,R0221,Food_Item_00727,Beverages,197.04
I00728,R0171,Food_Item_00728,Burger,229.65
I00729,R0301,Food_Item_00729,Chinese,428.35
I00730,R0213,Food_Item_00730,Desserts,825.9
I00731,R0113,Food_Item_00731,Bengali,190.55
I00732,R0183,Food_Item_00732,Burger,199.86
I00733,R0144,Food_Item_00733,Biryani,438.62
I00734,R0371,Food_Item_00734,Desserts,821.09
I00735,R0252,Food_Item_00735,Beverages,840.25
I00736,R0101,Food_Item_00736,Chinese,859.68
I00737,R0075,Food_Item_00737,Beverages,184.04
I00738,R0466,Food_Item_00738,Beverages,658.54
I00739,R0445,Food_Item_00739,Desserts,610.85
I00740,R0415,Food_Item_00740,Healthy,104.99
I00741,R0368,Food_Item_00741,Healthy,631.29
I00742,R0431,Food_Item_00742,Burger,651.53
I00743,R0324,Food_Item_00743,Healthy,618.46
I00744,R0457,Food_Item_00744,South Indian,256.87
I00745,R0460,Food_Item_00745,Chinese,352.54
I00746,R0219,Food_Item_00746,Burger,534.08
I00747,R0125,Food_Item_00747,Desserts,193.5
I00748,R0446,Food_Item_00748,Beverages,210.18
I00749,R0414,Food_Item_00749,Pizza,652.97
I00750,R0223,Food_Item_00750,South Indian,215.88
I00751,R0455,Food_Item_00751,Healthy,93.68
I00752,R0051,Food_Item_00752,Healthy,231.78
I00753,R0411,Food_Item_00753,Chinese,141.93
I00754,R0025,Food_Item_00754,Beverages,311.38
I00755,R0052,Food_Item_00755,Beverages,703.47
I00756,R0032,Food_Item_00756,Burger,724.6
I00757,R0040,Food_Item_00757,South Indian,138.51
I00758,R0095,Food_Item_00758,Pizza,547.63
I00759,R0181,Food_Item_00759,Biryani,152.2
I00760,R0180,Food_Item_00760,Bengali,233.41
I00761,R0211,Food_Item_00761,Biryani,723.05
I00762,R0490,Food_Item_00762,Burger,877.05
I00763,R0256,Food_Item_00763,Pizza,302.73
I00764,R0121,Food_Item_00764,Burger,716.95
I00765,R0069,Food_Item_00765,Burger,360.48
I00766,R0457,Food_Item_00766,South Indian,723.34
I00767,R0138,Food_Item_00767,Desserts,547.62
I00768,R0406,Food_Item_00768,South Indian,527.99
I00769,R0395,Food_Item_00769,Desserts,743.2
I00770,R0431,Food_Item_00770,South Indian,650.86
I00771,R0074,Food_Item_00771,Desserts,876.02
I00772,R0393,Food_Item_00772,Burger,377.39
I00773,R0392,Food_Item_00773,Burger,863.14
I00774,R0487,Food_Item_00774,Pizza,758.67
I00775,R0355,Food_Item_00775,South Indian,484.7
I00776,R0060,Food_Item_00776,Pizza,490.67
I00777,R0230,Food_Item_00777,Bengali,819.6
I00778,R0240,Food_Item_00778,Desserts,561.7
I00779,R0237,Food_Item_00779,Beverages,357.0
I00780,R0172,Food_Item_00780,South Indian,113.93
I00781,R0401,Food_Item_00781,Healthy,325.7
I00782,R0143,Food_Item_00782,South Indian,258.22
I00783,R0223,Food_Item_00783,Desserts,185.8
I00784,R0224,Food_Item_00784,Healthy,631.55
I00785,R0322,Food_Item_00785,South Indian,404.47
I00786,R0241,Food_Item_00786,Healthy,157.54
I00787,R0486,Food_Item_00787,Bengali,348.13
I00788,R0493,Food_Item_00788,Biryani,195.14
I00789,R0233,Food_Item_00789,South Indian,570.86
I00790,R0133,Food_Item_00790,Beverages,430.07
I00791,R0381,Food_Item_00791,Bengali,846.05
I00792,R0456,Food_Item_00792,Burger,579.17
I00793,R0444,Food_Item_00793,Burger,707.44
I00794,R0084,Food_Item_00794,Desserts,354.75
I00795,R0027,Food_Item_00795,Beverages,698.67
I00796,R0333,Food_Item_00796,Pizza,682.52
I00797,R0151,Food_Item_00797,South Indian,892.53
I00798,R0153,Food_Item_00798,Pizza,622.16
I00799,R0015,Food_Item_00799,Burger,831.25
I00800,R0481,Food_Item_00800,Healthy,790.87
I00801,R0001,Food_Item_00801,Biryani,833.36
I00802,R0318,Food_Item_00802,Bengali,550.0
I00803,R0463,Food_Item_00803,South Indian,263.67
I00804,R0033,Food_Item_00804,Chinese,559.72
I00805,R0309,Food_Item_00805,Healthy,835.77
I00806,R0462,Food_Item_00806,Healthy,877.88
I00807,R0206,Food_Item_00807,Biryani,855.86
I00808,R0147,Food_Item_00808,Burger,441.69
I00809,R0353,Food_Item_00809,Burger,739.55
I00810,R0464,Food_Item_00810,Biryani,480.62
I00811,R0280,Food_Item_00811,South Indian,647.22
I00812,R0007,Food_Item_00812,Chinese,433.86
I00813,R0343,Food_Item_00813,Chinese,328.11
I00814,R0110,Food_Item_00814,Desserts,442.39
I00815,R0495,Food_Item_00815,Healthy,331.72
I00816,R0140,Food_Item_00816,Bengali,427.01
I00817,R0319,Food_Item_00817,Bengali,635.7
I00818,R0344,Food_Item_00818,South Indian,244.61
I00819,R0223,Food_Item_00819,Chinese,634.91
I00820,R0399,Food_Item_00820,South Indian,140.37
I00821,R0449,Food_Item_00821,Burger,81.31
I00822,R0316,Food_Item_00822,South Indian,271.1
I00823,R0378,Food_Item_00823,Chinese,245.94
I00824,R0032,Food_Item_00824,Chinese,763.19
I00825,R0121,Food_Item_00825,Beverages,699.95
I00826,R0217,Food_Item_00826,Biryani,626.44
I00827,R0066,Food_Item_00827,Beverages,659.13
I00828,R0247,Food_Item_00828,Pizza,623.65
I00829,R0037,Food_Item_00829,Chinese,757.69
I00830,R0180,Food_Item_00830,Desserts,517.79
I00831,R0031,Food_Item_00831,Healthy,94.47
I00832,R0210,Food_Item_00832,Beverages,787.92
I00833,R0203,Food_Item_00833,Desserts,465.75
I00834,R0242,Food_Item_00834,Chinese,841.31
I00835,R0496,Food_Item_00835,Chinese,812.26
I00836,R0278,Food_Item_00836,Burger,407.46
I00837,R0074,Food_Item_00837,Beverages,845.12
I00838,R0316,Food_Item_00838,Bengali,128.04
I00839,R0490,Food_Item_00839,Biryani,623.11
I00840,R0106,Food_Item_00840,Biryani,638.82
I00841,R0041,Food_Item_00841,Pizza,768.91
I00842,R0451,Food_Item_00842,Bengali,466.58
I00843,R0087,Food_Item_00843,Healthy,277.26
I00844,R0414,Food_Item_00844,South Indian,116.23
I00845,R0215,Food_Item_00845,Burger,463.18
I00846,R0394,Food_Item_00846,Chinese,451.69
I00847,R0357,Food_Item_00847,Desserts,372.24
I00848,R0403,Food_Item_00848,Biryani,601.87
I00849,R0381,Food_Item_00849,Bengali,515.73
I00850,R0263,Food_Item_00850,Healthy,174.75
I00851,R0123,Food_Item_00851,Healthy,119.46
I00852,R0477,Food_Item_00852,Pizza,810.35
I00853,R0095,Food_Item_00853,Healthy,688.58
I00854,R0183,Food_Item_00854,Pizza,459.82
I00855,R0141,Food_Item_00855,South Indian,486.76
I00856,R0210,Food_Item_00856,Chinese,173.85
I00857,R0125,Food_Item_00857,Desserts,296.08
I00858,R0409,Food_Item_00858,Beverages,756.32
I00859,R0219,Food_Item_00859,Bengali,183.6
I00860,R0435,Food_Item_00860,Desserts,165.52
I00861,R0016,Food_Item_00861,Healthy,537.67
I00862,R0225,Food_Item_00862,South Indian,769.06
I00863,R0293,Food_Item_00863,Bengali,390.88
I00864,R0425,Food_Item_00864,South Indian,609.62
I00865,R0366,Food_Item_00865,Burger,819.76
I00866,R0317,Food_Item_00866,South Indian,810.83
I00867,R0423,Food_Item_00867,Bengali,463.66
I00868,R0195,Food_Item_00868,Biryani,322.38
I00869,R0479,Food_Item_00869,Chinese,550.17
I00870,R0453,Food_Item_00870,Burger,837.84
I00871,R0455,Food_Item_00871,Bengali,638.31
I00872,R0252,Food_Item_00872,Chinese,863.24
I00873,R0047,Food_Item_00873,Pizza,554.91
I00874,R0425,Food_Item_00874,South Indian,97.4
I00875,R0209,Food_Item_00875,South Indian,447.3
I00876,R0407,Food_Item_00876,Bengali,820.69
I00877,R0028,Food_Item_00877,Desserts,107.69
I00878,R0049,Food_Item_00878,Healthy,586.75
I00879,R0175,Food_Item_00879,Bengali,389.9
I00880,R0436,Food_Item_00880,South Indian,410.98
I00881,R0016,Food_Item_00881,Burger,545.41
I00882,R0082,Food_Item_00882,Desserts,417.49
I00883,R0248,Food_Item_00883,Chinese,834.52
I00884,R0407,Food_Item_00884,Healthy,329.03
I00885,R0078,Food_Item_00885,Desserts,702.61
I00886,R0378,Food_Item_00886,Burger,155.51
I00887,R0245,Food_Item_00887,Healthy,352.93
I00888,R0369,Food_Item_00888,South Indian,209.46
I00889,R0359,Food_Item_00889,Bengali,260.26
I00890,R0461,Food_Item_00890,Desserts,542.89
I00891,R0030,Food_Item_00891,Bengali,360.47
I00892,R0301,Food_Item_00892,Bengali,119.98
I00893,R0229,Food_Item_00893,Desserts,787.99
I00894,R0170,Food_Item_00894,Healthy,633.82
I00895,R0371,Food_Item_00895,Pizza,863.28
I00896,R0297,Food_Item_00896,Bengali,736.37
I00897,R0223,Food_Item_00897,Bengali,538.69
I00898,R0349,Food_Item_00898,Healthy,457.51
I00899,R0288,Food_Item_00899,Bengali,856.22
I00900,R0183,Food_Item_00900,Pizza,427.67
I00901,R0168,Food_Item_00901,Desserts,526.82
I00902,R0128,Food_Item_00902,Beverages,353.66
I00903,R0149,Food_Item_00903,Beverages,310.12
I00904,R0245,Food_Item_00904,Pizza,773.36
I00905,R0091,Food_Item_00905,Pizza,282.55
I00906,R0450,Food_Item_00906,Biryani,198.12
I00907,R0291,Food_Item_00907,Chinese,676.99
I00908,R0316,Food_Item_00908,Pizza,769.75
I00909,R0288,Food_Item_00909,Desserts,840.73
I00910,R0449,Food_Item_00910,Bengali,626.95
I00911,R0410,Food_Item_00911,Burger,365.67
I00912,R0238,Food_Item_00912,Burger,498.76
I00913,R0173,Food_Item_00913,South Indian,232.74
I00914,R0474,Food_Item_00914,Pizza,253.92
I00915,R0300,Food_Item_00915,Chinese,814.93
I00916,R0396,Food_Item_00916,Bengali,776.05
I00917,R0070,Food_Item_00917,South Indian,308.76
I00918,R0178,Food_Item_00918,South Indian,391.94
I00919,R0133,Food_Item_00919,Beverages,866.21
I00920,R0225,Food_Item_00920,Chinese,401.43
I00921,R0252,Food_Item_00921,Pizza,348.5
I00922,R0499,Food_Item_00922,South Indian,244.51
I00923,R0053,Food_Item_00923,Pizza,414.28
I00924,R0477,Food_Item_00924,Beverages,378.17
I00925,R0406,Food_Item_00925,Pizza,682.54
I00926,R0206,Food_Item_00926,Desserts,364.53
I00927,R0141,Food_Item_00927,South Indian,455.82
I00928,R0417,Food_Item_00928,South Indian,343.51
I00929,R0069,Food_Item_00929,Beverages,341.89
I00930,R0455,Food_Item_00930,Beverages,286.01
I00931,R0472,Food_Item_00931,Pizza,488.45
I00932,R0126,Food_Item_00932,Beverages,431.8
I00933,R0281,Food_Item_00933,Burger,127.21
I00934,R0259,Food_Item_00934,Chinese,843.05
I00935,R0384,Food_Item_00935,Beverages,366.01
I00936,R0379,Food_Item_00936,Pizza,701.19
I00937,R0498,Food_Item_00937,Chinese,823.68
I00938,R0039,Food_Item_00938,Pizza,89.34
I00939,R0409,Food_Item_00939,Bengali,181.12
I00940,R0403,Food_Item_00940,Bengali,236.25
I00941,R0371,Food_Item_00941,Bengali,806.36
I00942,R0106,Food_Item_00942,Healthy,527.45
I00943,R0372,Food_Item_00943,Desserts,334.97
I00944,R0240,Food_Item_00944,Biryani,116.18
I00945,R0140,Food_Item_00945,Pizza,109.11
I00946,R0188,Food_Item_00946,South Indian,553.56
I00947,R0208,Food_Item_00947,South Indian,656.56
I00948,R0371,Food_Item_00948,Pizza,396.17
I00949,R0101,Food_Item_00949,South Indian,315.82
I00950,R0117,Food_Item_00950,South Indian,741.38
I00951,R0186,Food_Item_00951,South Indian,789.75
I00952,R0234,Food_Item_00952,Beverages,394.46
I00953,R0474,Food_Item_00953,Chinese,693.52
I00954,R0133,Food_Item_00954,Beverages,792.95
I00955,R0454,Food_Item_00955,Desserts,392.07
I00956,R0028,Food_Item_00956,Healthy,211.8
I00957,R0256,Food_Item_00957,Bengali,382.1
I00958,R0422,Food_Item_00958,South Indian,131.01
I00959,R0156,Food_Item_00959,Biryani,109.17
I00960,R0113,Food_Item_00960,Bengali,756.41
I00961,R0303,Food_Item_00961,South Indian,779.27
I00962,R0117,Food_Item_00962,Healthy,610.8
I00963,R0008,Food_Item_00963,Bengali,782.51
I00964,R0024,Food_Item_00964,Desserts,847.08
I00965,R0240,Food_Item_00965,Healthy,642.88
I00966,R0252,Food_Item_00966,Healthy,827.54
I00967,R0014,Food_Item_00967,Pizza,834.06
I00968,R0135,Food_Item_00968,Burger,305.06
I00969,R0379,Food_Item_00969,Beverages,858.95
I00970,R0283,Food_Item_00970,Pizza,886.75
I00971,R0306,Food_Item_00971,Beverages,309.4
I00972,R0362,Food_Item_00972,Pizza,594.51
I00973,R0452,Food_Item_00973,Chinese,260.56
I00974,R0023,Food_Item_00974,Beverages,402.88
I00975,R0242,Food_Item_00975,Pizza,591.73
I00976,R0101,Food_Item_00976,Biryani,110.7
I00977,R0334,Food_Item_00977,Desserts,610.06
I00978,R0196,Food_Item_00978,Beverages,478.55
I00979,R0077,Food_Item_00979,Desserts,181.49
I00980,R0440,Food_Item_00980,South Indian,641.37
I00981,R0259,Food_Item_00981,Desserts,852.82
I00982,R0055,Food_Item_00982,Desserts,81.85
I00983,R0113,Food_Item_00983,Chinese,438.96
I00984,R0372,Food_Item_00984,Desserts,183.44
I00985,R0236,Food_Item_00985,Pizza,249.75
I00986,R0477,Food_Item_00986,Chinese,483.12
I00987,R0026,Food_Item_00987,Beverages,318.87
I00988,R0039,Food_Item_00988,Pizza,612.31
I00989,R0345,Food_Item_00989,Chinese,296.51
I00990,R0167,Food_Item_00990,Bengali,716.52
I00991,R0438,Food_Item_00991,Bengali,230.45
I00992,R0385,Food_Item_00992,Healthy,823.94
I00993,R0012,Food_Item_00993,Bengali,408.12
I00994,R0468,Food_Item_00994,Biryani,125.48
I00995,R0477,Food_Item_00995,Healthy,161.77
I00996,R0124,Food_Item_00996,Burger,517.02
I00997,R0307,Food_Item_00997,Bengali,827.05
I00998,R0321,Food_Item_00998,Beverages,502.58
I00999,R0019,Food_Item_00999,Bengali,449.15
I01000,R0366,Food_Item_01000,Biryani,713.7
I01001,R0485,Food_Item_01001,Chinese,265.97
I01002,R0203,Food_Item_01002,Biryani,634.85
I01003,R0494,Food_Item_01003,Chinese,258.98
I01004,R0335,Food_Item_01004,Beverages,773.17
I01005,R0368,Food_Item_01005,Burger,802.69
I01006,R0275,Food_Item_01006,Desserts,239.55
I01007,R0346,Food_Item_01007,Biryani,197.73
I01008,R0469,Food_Item_01008,Burger,673.14
I01009,R0296,Food_Item_01009,Bengali,615.33
I01010,R0270,Food_Item_01010,Healthy,589.76
I01011,R0085,Food_Item_01011,Bengali,497.7
I01012,R0259,Food_Item_01012,Desserts,185.83
I01013,R0432,Food_Item_01013,Desserts,669.97
I01014,R0335,Food_Item_01014,Pizza,213.11
I01015,R0359,Food_Item_01015,Healthy,525.13
I01016,R0077,Food_Item_01016,South Indian,364.22
I01017,R0424,Food_Item_01017,Burger,351.95
I01018,R0266,Food_Item_01018,Beverages,762.45
I01019,R0229,Food_Item_01019,South Indian,454.1
I01020,R0026,Food_Item_01020,Desserts,484.64
I01021,R0447,Food_Item_01021,Chinese,814.88
I01022,R0314,Food_Item_01022,Bengali,537.93
I01023,R0157,Food_Item_01023,Pizza,737.07
I01024,R0268,Food_Item_01024,Chinese,787.55
I01025,R0455,Food_Item_01025,South Indian,650.05
I01026,R0420,Food_Item_01026,Burger,198.1
I01027,R0149,Food_Item_01027,Healthy,177.79
I01028,R0399,Food_Item_01028,Bengali,436.06
I01029,R0004,Food_Item_01029,Beverages,131.81
I01030,R0217,Food_Item_01030,Pizza,326.59
I01031,R0275,Food_Item_01031,Chinese,250.95
I01032,R0330,Food_Item_01032,Beverages,111.69
I01033,R0001,Food_Item_01033,Pizza,407.29
I01034,R0152,Food_Item_01034,Pizza,284.25
I01035,R0129,Food_Item_01035,Healthy,163.6
I01036,R0194,Food_Item_01036,Pizza,678.84
I01037,R0346,Food_Item_01037,South Indian,828.31
I01038,R0040,Food_Item_01038,Biryani,589.02
I01039,R0375,Food_Item_01039,Chinese,842.04
I01040,R0051,Food_Item_01040,Beverages,216.5
I01041,R0254,Food_Item_01041,Chinese,709.83
I01042,R0410,Food_Item_01042,South Indian,415.06
I01043,R0440,Food_Item_01043,Healthy,481.41
I01044,R0486,Food_Item_01044,Chinese,624.71
I01045,R0216,Food_Item_01045,Bengali,722.5
I01046,R0245,Food_Item_01046,South Indian,129.05
I01047,R0451,Food_Item_01047,Desserts,398.31
I01048,R0064,Food_Item_01048,Bengali,707.28
I01049,R0455,Food_Item_01049,Beverages,518.66
I01050,R0045,Food_Item_01050,Beverages,360.19
I01051,R0046,Food_Item_01051,Healthy,113.24
I01052,R0023,Food_Item_01052,Chinese,86.04
I01053,R0116,Food_Item_01053,Pizza,428.58
I01054,R0440,Food_Item_01054,Pizza,476.55
I01055,R0104,Food_Item_01055,Beverages,267.94
I01056,R0222,Food_Item_01056,Beverages,735.69
I01057,R0403,Food_Item_01057,Burger,673.24
I01058,R0441,Food_Item_01058,South Indian,234.31
I01059,R0220,Food_Item_01059,Biryani,234.16
I01060,R0182,Food_Item_01060,Bengali,789.18
I01061,R0233,Food_Item_01061,Desserts,833.7
I01062,R0295,Food_Item_01062,Pizza,887.34
I01063,R0162,Food_Item_01063,Healthy,642.84
I01064,R0337,Food_Item_01064,Beverages,841.72
I01065,R0404,Food_Item_01065,Healthy,201.77
I01066,R0026,Food_Item_01066,Healthy,207.68
I01067,R0411,Food_Item_01067,Biryani,114.06
I01068,R0341,Food_Item_01068,South Indian,521.59
I01069,R0030,Food_Item_01069,Chinese,261.44
I01070,R0400,Food_Item_01070,Biryani,546.43
I01071,R0248,Food_Item_01071,Healthy,86.3
I01072,R0012,Food_Item_01072,Biryani,513.75
I01073,R0041,Food_Item_01073,Desserts,808.91
I01074,R0030,Food_Item_01074,Burger,675.25
I01075,R0204,Food_Item_01075,Bengali,380.95
I01076,R0262,Food_Item_01076,South Indian,135.96
I01077,R0121,Food_Item_01077,Pizza,281.01
I01078,R0486,Food_Item_01078,Chinese,492.75
I01079,R0016,Food_Item_01079,Desserts,291.04
I01080,R0487,Food_Item_01080,Bengali,716.64
I01081,R0076,Food_Item_01081,Burger,846.84
I01082,R0055,Food_Item_01082,Burger,224.5
I01083,R0246,Food_Item_01083,Desserts,84.57
I01084,R0381,Food_Item_01084,Pizza,148.94
I01085,R0331,Food_Item_01085,Bengali,738.34
I01086,R0397,Food_Item_01086,Healthy,124.04
I01087,R0227,Food_Item_01087,Bengali,691.97
I01088,R0439,Food_Item_01088,Burger,412.27
I01089,R0383,Food_Item_01089,Desserts,429.37
I01090,R0022,Food_Item_01090,Healthy,679.23
I01091,R0251,Food_Item_01091,Bengali,342.42
I01092,R0487,Food_Item_01092,Bengali,744.6
I01093,R0364,Food_Item_01093,Bengali,157.38
I01094,R0411,Food_Item_01094,Biryani,669.3
I01095,R0360,Food_Item_01095,Biryani,821.02
I01096,R0304,Food_Item_01096,Bengali,214.69
I01097,R0168,Food_Item_01097,South Indian,534.98
I01098,R0034,Food_Item_01098,Healthy,605.6
I01099,R0151,Food_Item_01099,South Indian,188.86
I01100,R0121,Food_Item_01100,Beverages,525.47
I01101,R0363,Food_Item_01101,Bengali,286.88
I01102,R0174,Food_Item_01102,Burger,697.93
I01103,R0177,Food_Item_01103,Beverages,545.78
I01104,R0429,Food_Item_01104,Biryani,416.67
I01105,R0098,Food_Item_01105,Desserts,688.88
I01106,R0381,Food_Item_01106,South Indian,680.09
I01107,R0177,Food_Item_01107,Desserts,252.59
I01108,R0471,Food_Item_01108,Biryani,101.01
I01109,R0478,Food_Item_01109,Pizza,283.6
I01110,R0212,Food_Item_01110,Burger,803.72
I01111,R0391,Food_Item_01111,Bengali,405.41
I01112,R0459,Food_Item_01112,Healthy,245.2
I01113,R0302,Food_Item_01113,Healthy,382.47
I01114,R0448,Food_Item_01114,Bengali,394.19
I01115,R0342,Food_Item_01115,Pizza,452.34
I01116,R0010,Food_Item_01116,Beverages,449.02
I01117,R0305,Food_Item_01117,Beverages,324.44
I01118,R0120,Food_Item_01118,South Indian,325.58
I01119,R0296,Food_Item_01119,Biryani,735.8
I01120,R0400,Food_Item_01120,Pizza,623.68
I01121,R0100,Food_Item_01121,Beverages,637.1
I01122,R0333,Food_Item_01122,Pizza,236.22
I01123,R0271,Food_Item_01123,Chinese,893.33
I01124,R0112,Food_Item_01124,Desserts,151.28
I01125,R0380,Food_Item_01125,Pizza,639.67
I01126,R0391,Food_Item_01126,Chinese,689.6
I01127,R0004,Food_Item_01127,Desserts,299.08
I01128,R0159,Food_Item_01128,South Indian,143.22
I01129,R0037,Food_Item_01129,Beverages,684.67
I01130,R0302,Food_Item_01130,Pizza,543.76
I01131,R0441,Food_Item_01131,Bengali,871.81
I01132,R0468,Food_Item_01132,Chinese,676.7
I01133,R0199,Food_Item_01133,Bengali,842.34
I01134,R0120,Food_Item_01134,Pizza,600.12
I01135,R0157,Food_Item_01135,Desserts,488.37
I01136,R0028,Food_Item_01136,Pizza,854.68
I01137,R0175,Food_Item_01137,Beverages,751.45
I01138,R0331,Food_Item_01138,Beverages,108.74
I01139,R0010,Food_Item_01139,Chinese,558.1
I01140,R0365,Food_Item_01140,Desserts,202.52
I01141,R0422,Food_Item_01141,South Indian,857.35
I01142,R0157,Food_Item_01142,Beverages,634.22
I01143,R0384,Food_Item_01143,Healthy,450.11
I01144,R0235,Food_Item_01144,Beverages,867.09
I01145,R0495,Food_Item_01145,Burger,355.81
I01146,R0251,Food_Item_01146,Bengali,444.2
I01147,R0300,Food_Item_01147,Biryani,407.23
I01148,R0408,Food_Item_01148,Burger,188.13
I01149,R0137,Food_Item_01149,Chinese,202.91
I01150,R0347,Food_Item_01150,South Indian,564.63
I01151,R0426,Food_Item_01151,Beverages,137.01
I01152,R0137,Food_Item_01152,Biryani,843.49
I01153,R0404,Food_Item_01153,South Indian,348.67
I01154,R0137,Food_Item_01154,Beverages,343.19
I01155,R0305,Food_Item_01155,Burger,194.54
I01156,R0163,Food_Item_01156,Beverages,367.78
I01157,R0315,Food_Item_01157,Biryani,646.74
I01158,R0073,Food_Item_01158,South Indian,865.01
I01159,R0405,Food_Item_01159,Healthy,237.92
I01160,R0068,Food_Item_01160,Chinese,225.63
I01161,R0168,Food_Item_01161,Bengali,193.99
I01162,R0409,Food_Item_01162,Pizza,550.67
I01163,R0049,Food_Item_01163,Chinese,175.89
I01164,R0416,Food_Item_01164,Biryani,152.26
I01165,R0201,Food_Item_01165,Pizza,690.03
I01166,R0131,Food_Item_01166,Burger,730.41
I01167,R0416,Food_Item_01167,Healthy,337.94
I01168,R0426,Food_Item_01168,Healthy,556.8
I01169,R0431,Food_Item_01169,Biryani,688.75
I01170,R0286,Food_Item_01170,Biryani,120.14
I01171,R0099,Food_Item_01171,Desserts,600.45
I01172,R0357,Food_Item_01172,Healthy,314.68
I01173,R0352,Food_Item_01173,South Indian,415.48
I01174,R0441,Food_Item_01174,South Indian,372.11
I01175,R0369,Food_Item_01175,Bengali,669.04
I01176,R0155,Food_Item_01176,Chinese,464.4
I01177,R0224,Food_Item_01177,Desserts,703.26
I01178,R0332,Food_Item_01178,Pizza,338.3
I01179,R0389,Food_Item_01179,Biryani,523.85
I01180,R0155,Food_Item_01180,Biryani,823.73
I01181,R0130,Food_Item_01181,Burger,439.22
I01182,R0452,Food_Item_01182,South Indian,552.57
I01183,R0497,Food_Item_01183,Burger,629.81
I01184,R0150,Food_Item_01184,Bengali,828.1
I01185,R0033,Food_Item_01185,Biryani,601.63
I01186,R0313,Food_Item_01186,Chinese,582.16
I01187,R0008,Food_Item_01187,Pizza,763.49
I01188,R0096,Food_Item_01188,Burger,893.3
I01189,R0264,Food_Item_01189,Bengali,817.13
I01190,R0185,Food_Item_01190,Biryani,182.4
I01191,R0025,Food_Item_01191,Desserts,634.69
I01192,R0176,Food_Item_01192,Burger,349.43
I01193,R0338,Food_Item_01193,Beverages,419.86
I01194,R0376,Food_Item_01194,Desserts,609.18
I01195,R0377,Food_Item_01195,Healthy,198.99
I01196,R0144,Food_Item_01196,Bengali,648.0
I01197,R0332,Food_Item_01197,Chinese,320.67
I01198,R0164,Food_Item_01198,Pizza,751.77
I01199,R0326,Food_Item_01199,Biryani,384.79
I01200,R0005,Food_Item_01200,Beverages,120.97
I01201,R0205,Food_Item_01201,Bengali,571.0
I01202,R0158,Food_Item_01202,Pizza,694.82
I01203,R0334,Food_Item_01203,Biryani,585.7
I01204,R0137,Food_Item_01204,Beverages,718.6
I01205,R0150,Food_Item_01205,Biryani,739.38
I01206,R0273,Food_Item_01206,South Indian,114.65
I01207,R0327,Food_Item_01207,Burger,81.51
I01208,R0201,Food_Item_01208,Desserts,263.93
I01209,R0447,Food_Item_01209,Biryani,264.26
I01210,R0491,Food_Item_01210,Biryani,541.62
I01211,R0304,Food_Item_01211,Pizza,267.86
I01212,R0274,Food_Item_01212,Desserts,379.17
I01213,R0261,Food_Item_01213,Desserts,452.0
I01214,R0037,Food_Item_01214,Desserts,572.68
I01215,R0206,Food_Item_01215,Bengali,897.33
I01216,R0405,Food_Item_01216,Pizza,644.58
I01217,R0347,Food_Item_01217,Burger,297.95
I01218,R0027,Food_Item_01218,Pizza,367.65
I01219,R0070,Food_Item_01219,Pizza,115.8
I01220,R0419,Food_Item_01220,Desserts,424.01
I01221,R0368,Food_Item_01221,South Indian,563.09
I01222,R0203,Food_Item_01222,Chinese,858.53
I01223,R0471,Food_Item_01223,Pizza,299.71
I01224,R0031,Food_Item_01224,Bengali,279.67
I01225,R0381,Food_Item_01225,Beverages,94.13
I01226,R0489,Food_Item_01226,Biryani,551.22
I01227,R0219,Food_Item_01227,Healthy,896.61
I01228,R0248,Food_Item_01228,Pizza,384.3
I01229,R0107,Food_Item_01229,Healthy,488.23
I01230,R0428,Food_Item_01230,Desserts,127.75
I01231,R0363,Food_Item_01231,Healthy,548.29
I01232,R0211,Food_Item_01232,Pizza,252.26
I01233,R0118,Food_Item_01233,Bengali,92.68
I01234,R0231,Food_Item_01234,Biryani,640.75
I01235,R0226,Food_Item_01235,South Indian,201.15
I01236,R0182,Food_Item_01236,Pizza,162.94
I01237,R0420,Food_Item_01237,Biryani,267.1
I01238,R0185,Food_Item_01238,Beverages,192.78
I01239,R0058,Food_Item_01239,Desserts,590.75
I01240,R0397,Food_Item_01240,Chinese,298.99
I01241,R0366,Food_Item_01241,Chinese,630.21
I01242,R0016,Food_Item_01242,South Indian,527.7
I01243,R0348,Food_Item_01243,Bengali,369.98
I01244,R0245,Food_Item_01244,Bengali,238.65
I01245,R0337,Food_Item_01245,Burger,631.64
I01246,R0133,Food_Item_01246,Chinese,510.03
I01247,R0090,Food_Item_01247,Healthy,671.1
I01248,R0279,Food_Item_01248,Biryani,495.02
I01249,R0028,Food_Item_01249,Chinese,737.69
I01250,R0108,Food_Item_01250,Burger,530.79
I01251,R0023,Food_Item_01251,Burger,746.94
I01252,R0175,Food_Item_01252,Pizza,530.77
I01253,R0454,Food_Item_01253,Biryani,868.63
I01254,R0267,Food_Item_01254,Healthy,779.62
I01255,R0370,Food_Item_01255,Beverages,288.38
I01256,R0371,Food_Item_01256,Desserts,677.08
I01257,R0064,Food_Item_01257,Healthy,188.23
I01258,R0473,Food_Item_01258,Beverages,827.1
I01259,R0078,Food_Item_01259,Pizza,363.35
I01260,R0122,Food_Item_01260,Beverages,471.49
I01261,R0328,Food_Item_01261,Beverages,96.87
I01262,R0242,Food_Item_01262,Biryani,791.45
I01263,R0108,Food_Item_01263,Beverages,857.37
I01264,R0175,Food_Item_01264,Desserts,465.81
I01265,R0205,Food_Item_01265,Healthy,234.08
I01266,R0304,Food_Item_01266,South Indian,648.91
I01267,R0396,Food_Item_01267,Desserts,323.51
I01268,R0184,Food_Item_01268,Desserts,867.2
I01269,R0197,Food_Item_01269,Bengali,335.15
I01270,R0049,Food_Item_01270,Healthy,552.09
I01271,R0478,Food_Item_01271,Pizza,120.54
I01272,R0308,Food_Item_01272,Chinese,891.64
I01273,R0130,Food_Item_01273,Biryani,552.45
I01274,R0018,Food_Item_01274,Bengali,879.76
I01275,R0475,Food_Item_01275,Biryani,326.59
I01276,R0022,Food_Item_01276,Burger,512.27
I01277,R0092,Food_Item_01277,Desserts,95.08
I01278,R0443,Food_Item_01278,Healthy,712.07
I01279,R0170,Food_Item_01279,Burger,216.53
I01280,R0436,Food_Item_01280,Burger,428.77
I01281,R0276,Food_Item_01281,Biryani,629.43
I01282,R0282,Food_Item_01282,Chinese,147.34
I01283,R0467,Food_Item_01283,Desserts,722.57
I01284,R0010,Food_Item_01284,Beverages,740.75
I01285,R0174,Food_Item_01285,Chinese,515.66
I01286,R0172,Food_Item_01286,Biryani,576.07
I01287,R0367,Food_Item_01287,Burger,157.26
I01288,R0174,Food_Item_01288,South Indian,448.03
I01289,R0441,Food_Item_01289,Bengali,769.74
I01290,R0361,Food_Item_01290,Bengali,153.24
I01291,R0454,Food_Item_01291,Beverages,890.74
I01292,R0406,Food_Item_01292,Bengali,478.45
I01293,R0374,Food_Item_01293,Chinese,90.49
I01294,R0178,Food_Item_01294,Pizza,358.72
I01295,R0364,Food_Item_01295,Healthy,490.5
I01296,R0211,Food_Item_01296,Biryani,866.37
I01297,R0172,Food_Item_01297,Burger,658.29
I01298,R0113,Food_Item_01298,Chinese,556.45
I01299,R0448,Food_Item_01299,Healthy,872.54
I01300,R0364,Food_Item_01300,South Indian,321.88
I01301,R0025,Food_Item_01301,Chinese,391.36
I01302,R0175,Food_Item_01302,Healthy,709.94
I01303,R0291,Food_Item_01303,Chinese,567.48
I01304,R0353,Food_Item_01304,Desserts,259.58
I01305,R0154,Food_Item_01305,Biryani,695.87
I01306,R0354,Food_Item_01306,Bengali,299.11
I01307,R0137,Food_Item_01307,Desserts,538.28
I01308,R0079,Food_Item_01308,Pizza,782.12
I01309,R0044,Food_Item_01309,Desserts,305.59
I01310,R0443,Food_Item_01310,Healthy,704.16
I01311,R0329,Food_Item_01311,Biryani,786.29
I01312,R0413,Food_Item_01312,Pizza,340.06
I01313,R0269,Food_Item_01313,Pizza,241.22
I01314,R0292,Food_Item_01314,Healthy,789.92
I01315,R0146,Food_Item_01315,Burger,462.45
I01316,R0044,Food_Item_01316,Healthy,335.31
I01317,R0358,Food_Item_01317,Chinese,88.51
I01318,R0084,Food_Item_01318,Healthy,239.09
I01319,R0438,Food_Item_01319,Bengali,500.42
I01320,R0047,Food_Item_01320,Burger,759.76
I01321,R0489,Food_Item_01321,South Indian,491.89
I01322,R0232,Food_Item_01322,Pizza,306.7
I01323,R0142,Food_Item_01323,Pizza,841.89
I01324,R0133,Food_Item_01324,Bengali,382.78
I01325,R0339,Food_Item_01325,Desserts,213.56
I01326,R0416,Food_Item_01326,Chinese,855.18
I01327,R0238,Food_Item_01327,Beverages,405.07
I01328,R0218,Food_Item_01328,Chinese,475.58
I01329,R0440,Food_Item_01329,Chinese,760.46
I01330,R0227,Food_Item_01330,Bengali,315.95
I01331,R0166,Food_Item_01331,Chinese,513.55
I01332,R0461,Food_Item_01332,Desserts,790.35
I01333,R0402,Food_Item_01333,Healthy,290.01
I01334,R0289,Food_Item_01334,Burger,813.32
I01335,R0006,Food_Item_01335,South Indian,237.01
I01336,R0194,Food_Item_01336,Chinese,780.6
I01337,R0489,Food_Item_01337,Bengali,402.65
I01338,R0492,Food_Item_01338,Bengali,529.49
I01339,R0337,Food_Item_01339,South Indian,532.15
I01340,R0232,Food_Item_01340,Biryani,248.03
I01341,R0430,Food_Item_01341,Healthy,221.86
I01342,R0290,Food_Item_01342,Desserts,663.36
I01343,R0030,Food_Item_01343,Desserts,756.84
I01344,R0192,Food_Item_01344,Beverages,192.29
I01345,R0162,Food_Item_01345,Biryani,696.26
I01346,R0335,Food_Item_01346,Beverages,348.07
I01347,R0110,Food_Item_01347,Biryani,567.43
I01348,R0388,Food_Item_01348,Desserts,518.4
I01349,R0122,Food_Item_01349,Healthy,689.57
I01350,R0315,Food_Item_01350,South Indian,524.38
I01351,R0151,Food_Item_01351,Desserts,156.6
I01352,R0125,Food_Item_01352,Beverages,308.94
I01353,R0353,Food_Item_01353,Bengali,406.3
I01354,R0472,Food_Item_01354,South Indian,549.06
I01355,R0400,Food_Item_01355,Beverages,218.99
I01356,R0256,Food_Item_01356,Beverages,356.69
I01357,R0458,Food_Item_01357,Biryani,131.84
I01358,R0414,Food_Item_01358,Biryani,344.5
I01359,R0459,Food_Item_01359,Desserts,500.0
I01360,R0005,Food_Item_01360,Desserts,847.89
I01361,R0407,Food_Item_01361,Beverages,225.75
I01362,R0259,Food_Item_01362,Biryani,102.65
I01363,R0350,Food_Item_01363,Pizza,389.3
I01364,R0468,Food_Item_01364,Biryani,578.22
I01365,R0260,Food_Item_01365,Burger,578.26
I01366,R0345,Food_Item_01366,South Indian,363.35
I01367,R0492,Food_Item_01367,Chinese,110.84
I01368,R0058,Food_Item_01368,Pizza,833.51
I01369,R0372,Food_Item_01369,South Indian,491.46
I01370,R0355,Food_Item_01370,Burger,716.75
I01371,R0096,Food_Item_01371,Burger,405.46
I01372,R0008,Food_Item_01372,Desserts,761.77
I01373,R0317,Food_Item_01373,Burger,723.44
I01374,R0185,Food_Item_01374,South Indian,158.14
I01375,R0157,Food_Item_01375,Biryani,122.04
I01376,R0119,Food_Item_01376,Desserts,202.59
I01377,R0273,Food_Item_01377,South Indian,754.73
I01378,R0126,Food_Item_01378,Beverages,301.01
I01379,R0038,Food_Item_01379,Burger,404.54
I01380,R0021,Food_Item_01380,South Indian,554.27
I01381,R0130,Food_Item_01381,Chinese,614.54
I01382,R0309,Food_Item_01382,Healthy,429.61
I01383,R0265,Food_Item_01383,Biryani,448.32
I01384,R0371,Food_Item_01384,Pizza,349.07
I01385,R0300,Food_Item_01385,Healthy,157.11
I01386,R0146,Food_Item_01386,Biryani,201.62
I01387,R0459,Food_Item_01387,Burger,809.72
I01388,R0294,Food_Item_01388,Burger,879.38
I01389,R0310,Food_Item_01389,Beverages,756.87
I01390,R0249,Food_Item_01390,Desserts,330.75
I01391,R0212,Food_Item_01391,Beverages,226.25
I01392,R0497,Food_Item_01392,Biryani,497.54
I01393,R0195,Food_Item_01393,Pizza,157.58
I01394,R0407,Food_Item_01394,South Indian,830.27
I01395,R0042,Food_Item_01395,Desserts,709.76
I01396,R0474,Food_Item_01396,Bengali,878.36
I01397,R0379,Food_Item_01397,South Indian,781.85
I01398,R0413,Food_Item_01398,Beverages,415.22
I01399,R0160,Food_Item_01399,Pizza,337.66
I01400,R0329,Food_Item_01400,Beverages,764.05
I01401,R0378,Food_Item_01401,Bengali,562.08
I01402,R0036,Food_Item_01402,Burger,800.53
I01403,R0325,Food_Item_01403,Chinese,346.66
I01404,R0429,Food_Item_01404,Burger,528.1
I01405,R0424,Food_Item_01405,Burger,459.12
I01406,R0381,Food_Item_01406,Desserts,230.26
I01407,R0447,Food_Item_01407,Burger,523.68
I01408,R0142,Food_Item_01408,Beverages,148.39
I01409,R0345,Food_Item_01409,Biryani,387.5
I01410,R0135,Food_Item_01410,Pizza,517.41
I01411,R0432,Food_Item_01411,Healthy,199.1
I01412,R0263,Food_Item_01412,Desserts,697.99
I01413,R0414,Food_Item_01413,Chinese,236.47
I01414,R0142,Food_Item_01414,Burger,677.41
I01415,R0154,Food_Item_01415,Burger,99.64
I01416,R0486,Food_Item_01416,Pizza,644.88
I01417,R0453,Food_Item_01417,Healthy,408.34
I01418,R0097,Food_Item_01418,Chinese,727.89
I01419,R0194,Food_Item_01419,Healthy,540.81
I01420,R0077,Food_Item_01420,Beverages,391.63
I01421,R0319,Food_Item_01421,Chinese,624.32
I01422,R0022,Food_Item_01422,Desserts,398.08
I01423,R0013,Food_Item_01423,South Indian,372.08
I01424,R0277,Food_Item_01424,South Indian,429.01
I01425,R0448,Food_Item_01425,Desserts,662.53
I01426,R0371,Food_Item_01426,Desserts,584.25
I01427,R0348,Food_Item_01427,Pizza,831.54
I01428,R0294,Food_Item_01428,Chinese,80.31
I01429,R0091,Food_Item_01429,Healthy,211.98
I01430,R0105,Food_Item_01430,Pizza,485.1
I01431,R0309,Food_Item_01431,Desserts,629.11
I01432,R0462,Food_Item_01432,Beverages,153.5
I01433,R0024,Food_Item_01433,Bengali,321.25
I01434,R0190,Food_Item_01434,Biryani,890.63
I01435,R0095,Food_Item_01435,Beverages,348.67
I01436,R0071,Food_Item_01436,Healthy,391.7
I01437,R0177,Food_Item_01437,Bengali,275.8
I01438,R0096,Food_Item_01438,Beverages,94.3
I01439,R0123,Food_Item_01439,Biryani,314.02
I01440,R0220,Food_Item_01440,Desserts,212.07
I01441,R0372,Food_Item_01441,Beverages,392.44
I01442,R0273,Food_Item_01442,Bengali,270.6
I01443,R0272,Food_Item_01443,South Indian,411.16
I01444,R0301,Food_Item_01444,Beverages,300.95
I01445,R0113,Food_Item_01445,Bengali,830.8
I01446,R0037,Food_Item_01446,Biryani,318.94
I01447,R0015,Food_Item_01447,Pizza,234.66
I01448,R0434,Food_Item_01448,Bengali,704.87
I01449,R0439,Food_Item_01449,Bengali,745.63
I01450,R0169,Food_Item_01450,Burger,541.67
I01451,R0393,Food_Item_01451,Pizza,362.78
I01452,R0130,Food_Item_01452,Bengali,764.06
I01453,R0153,Food_Item_01453,Burger,629.29
I01454,R0344,Food_Item_01454,Desserts,392.45
I01455,R0464,Food_Item_01455,Bengali,401.16
I01456,R0307,Food_Item_01456,Pizza,82.01
I01457,R0480,Food_Item_01457,Desserts,127.37
I01458,R0497,Food_Item_01458,Pizza,190.55
I01459,R0015,Food_Item_01459,Chinese,282.77
I01460,R0206,Food_Item_01460,Bengali,839.38
I01461,R0236,Food_Item_01461,Beverages,753.73
I01462,R0092,Food_Item_01462,Healthy,113.44
I01463,R0107,Food_Item_01463,Desserts,92.23
I01464,R0487,Food_Item_01464,Bengali,560.52
I01465,R0090,Food_Item_01465,South Indian,388.72
I01466,R0242,Food_Item_01466,South Indian,737.46
I01467,R0241,Food_Item_01467,Bengali,877.76
I01468,R0331,Food_Item_01468,Healthy,485.29
I01469,R0274,Food_Item_01469,Bengali,225.47
I01470,R0022,Food_Item_01470,Beverages,812.07
I01471,R0226,Food_Item_01471,South Indian,426.21
I01472,R0168,Food_Item_01472,Desserts,422.05
I01473,R0065,Food_Item_01473,Beverages,657.21
I01474,R0494,Food_Item_01474,Chinese,383.33
I01475,R0271,Food_Item_01475,Bengali,272.57
I01476,R0483,Food_Item_01476,South Indian,688.19
I01477,R0458,Food_Item_01477,South Indian,232.39
I01478,R0493,Food_Item_01478,Burger,112.2
I01479,R0119,Food_Item_01479,Beverages,488.05
I01480,R0412,Food_Item_01480,Beverages,107.83
I01481,R0021,Food_Item_01481,Healthy,728.57
I01482,R0251,Food_Item_01482,Burger,881.47
I01483,R0435,Food_Item_01483,Healthy,857.88
I01484,R0287,Food_Item_01484,Desserts,202.11
I01485,R0101,Food_Item_01485,Chinese,844.23
I01486,R0038,Food_Item_01486,Beverages,171.71
I01487,R0230,Food_Item_01487,Bengali,370.62
I01488,R0397,Food_Item_01488,South Indian,149.15
I01489,R0460,Food_Item_01489,Desserts,754.59
I01490,R0375,Food_Item_01490,Pizza,263.47
I01491,R0222,Food_Item_01491,South Indian,625.22
I01492,R0355,Food_Item_01492,Biryani,705.4
I01493,R0392,Food_Item_01493,Chinese,392.22
I01494,R0192,Food_Item_01494,Desserts,727.21
I01495,R0132,Food_Item_01495,Healthy,346.98
I01496,R0133,Food_Item_01496,Burger,201.55
I01497,R0373,Food_Item_01497,Beverages,457.08
I01498,R0405,Food_Item_01498,Biryani,662.46
I01499,R0098,Food_Item_01499,Biryani,112.56
I01500,R0488,Food_Item_01500,Chinese,741.12
I01501,R0010,Food_Item_01501,Burger,289.63
I01502,R0212,Food_Item_01502,Bengali,638.59
I01503,R0242,Food_Item_01503,Pizza,173.52
I01504,R0028,Food_Item_01504,South Indian,399.35
I01505,R0363,Food_Item_01505,Healthy,461.34
I01506,R0451,Food_Item_01506,Pizza,464.12
I01507,R0119,Food_Item_01507,Chinese,304.05
I01508,R0345,Food_Item_01508,Bengali,513.95
I01509,R0476,Food_Item_01509,Chinese,307.44
I01510,R0336,Food_Item_01510,Chinese,216.56
I01511,R0226,Food_Item_01511,Biryani,189.34
I01512,R0473,Food_Item_01512,South Indian,813.66
I01513,R0201,Food_Item_01513,Healthy,187.13
I01514,R0336,Food_Item_01514,Beverages,404.06
I01515,R0386,Food_Item_01515,Beverages,286.56
I01516,R0309,Food_Item_01516,Biryani,585.16
I01517,R0158,Food_Item_01517,Pizza,363.52
I01518,R0356,Food_Item_01518,South Indian,314.78
I01519,R0155,Food_Item_01519,Burger,874.59
I01520,R0242,Food_Item_01520,Pizza,897.33
I01521,R0273,Food_Item_01521,Pizza,188.75
I01522,R0144,Food_Item_01522,Pizza,648.08
I01523,R0384,Food_Item_01523,Biryani,809.67
I01524,R0126,Food_Item_01524,Bengali,876.09
I01525,R0081,Food_Item_01525,Chinese,324.44
I01526,R0364,Food_Item_01526,Desserts,723.24
I01527,R0441,Food_Item_01527,Pizza,348.74
I01528,R0122,Food_Item_01528,Bengali,589.71
I01529,R0259,Food_Item_01529,Pizza,500.63
I01530,R0466,Food_Item_01530,Healthy,660.14
I01531,R0185,Food_Item_01531,Pizza,828.42
I01532,R0202,Food_Item_01532,Beverages,172.48
I01533,R0350,Food_Item_01533,Desserts,262.73
I01534,R0317,Food_Item_01534,Pizza,560.32
I01535,R0064,Food_Item_01535,Biryani,372.92
I01536,R0022,Food_Item_01536,Bengali,537.44
I01537,R0183,Food_Item_01537,Biryani,721.89
I01538,R0225,Food_Item_01538,Bengali,653.58
I01539,R0307,Food_Item_01539,Desserts,708.6
I01540,R0200,Food_Item_01540,Bengali,212.17
I01541,R0066,Food_Item_01541,Healthy,104.9
I01542,R0378,Food_Item_01542,Chinese,794.82
I01543,R0216,Food_Item_01543,South Indian,450.25
I01544,R0028,Food_Item_01544,Healthy,601.25
I01545,R0299,Food_Item_01545,Beverages,139.81
I01546,R0202,Food_Item_01546,South Indian,660.33
I01547,R0268,Food_Item_01547,Chinese,163.36
I01548,R0430,Food_Item_01548,Beverages,725.62
I01549,R0096,Food_Item_01549,Bengali,129.79
I01550,R0335,Food_Item_01550,South Indian,148.22
I01551,R0060,Food_Item_01551,Beverages,361.51
I01552,R0389,Food_Item_01552,Beverages,253.86
I01553,R0183,Food_Item_01553,Chinese,887.25
I01554,R0382,Food_Item_01554,Chinese,450.08
I01555,R0021,Food_Item_01555,Desserts,464.45
I01556,R0331,Food_Item_01556,Biryani,118.11
I01557,R0126,Food_Item_01557,Beverages,482.94
I01558,R0196,Food_Item_01558,South Indian,132.44
I01559,R0117,Food_Item_01559,Beverages,595.05
I01560,R0200,Food_Item_01560,South Indian,884.88
I01561,R0396,Food_Item_01561,Chinese,350.25
I01562,R0026,Food_Item_01562,Pizza,742.59
I01563,R0302,Food_Item_01563,Biryani,871.71
I01564,R0098,Food_Item_01564,Bengali,873.73
I01565,R0199,Food_Item_01565,Pizza,691.66
I01566,R0280,Food_Item_01566,Beverages,793.39
I01567,R0049,Food_Item_01567,South Indian,368.19
I01568,R0448,Food_Item_01568,Beverages,558.76
I01569,R0341,Food_Item_01569,South Indian,623.57
I01570,R0307,Food_Item_01570,Chinese,258.25
I01571,R0466,Food_Item_01571,Pizza,337.0
I01572,R0194,Food_Item_01572,Chinese,376.37
I01573,R0071,Food_Item_01573,Beverages,133.88
I01574,R0416,Food_Item_01574,Beverages,454.37
I01575,R0318,Food_Item_01575,South Indian,722.35
I01576,R0225,Food_Item_01576,Healthy,612.82
I01577,R0043,Food_Item_01577,Biryani,592.61
I01578,R0130,Food_Item_01578,Biryani,576.85
I01579,R0292,Food_Item_01579,Biryani,98.47
I01580,R0041,Food_Item_01580,Biryani,82.7
I01581,R0275,Food_Item_01581,Biryani,218.68
I01582,R0415,Food_Item_01582,Biryani,828.9
I01583,R0225,Food_Item_01583,Beverages,782.84
I01584,R0308,Food_Item_01584,South Indian,552.97
I01585,R0109,Food_Item_01585,Beverages,396.03
I01586,R0291,Food_Item_01586,Beverages,870.17
I01587,R0092,Food_Item_01587,Desserts,134.11
I01588,R0361,Food_Item_01588,Biryani,159.64
I01589,R0267,Food_Item_01589,Pizza,589.23
I01590,R0303,Food_Item_01590,Desserts,528.96
I01591,R0161,Food_Item_01591,Healthy,884.67
I01592,R0176,Food_Item_01592,Pizza,738.08
I01593,R0330,Food_Item_01593,Bengali,849.34
I01594,R0309,Food_Item_01594,Biryani,671.79
I01595,R0346,Food_Item_01595,Pizza,840.02
I01596,R0071,Food_Item_01596,Bengali,643.18
I01597,R0094,Food_Item_01597,Bengali,511.06
I01598,R0149,Food_Item_01598,Bengali,555.63
I01599,R0194,Food_Item_01599,South Indian,818.99
I01600,R0269,Food_Item_01600,Burger,165.83
I01601,R0261,Food_Item_01601,Beverages,543.61
I01602,R0035,Food_Item_01602,Burger,401.66
I01603,R0018,Food_Item_01603,Desserts,623.62
I01604,R0411,Food_Item_01604,Chinese,575.11
I01605,R0290,Food_Item_01605,South Indian,407.69
I01606,R0023,Food_Item_01606,Healthy,645.23
I01607,R0427,Food_Item_01607,Chinese,519.51
I01608,R0187,Food_Item_01608,Beverages,233.73
I01609,R0332,Food_Item_01609,Biryani,603.21
I01610,R0228,Food_Item_01610,South Indian,101.88
I01611,R0097,Food_Item_01611,South Indian,754.85
I01612,R0341,Food_Item_01612,Healthy,823.32
I01613,R0182,Food_Item_01613,Burger,143.91
I01614,R0078,Food_Item_01614,Bengali,290.56
I01615,R0112,Food_Item_01615,Bengali,183.99
I01616,R0411,Food_Item_01616,Biryani,712.9
I01617,R0261,Food_Item_01617,Healthy,138.26
I01618,R0214,Food_Item_01618,South Indian,523.71
I01619,R0391,Food_Item_01619,Chinese,398.33
I01620,R0126,Food_Item_01620,Healthy,695.71
I01621,R0076,Food_Item_01621,Biryani,604.09
I01622,R0050,Food_Item_01622,Bengali,526.23
I01623,R0051,Food_Item_01623,Biryani,492.87
I01624,R0463,Food_Item_01624,Healthy,715.52
I01625,R0451,Food_Item_01625,Beverages,471.32
I01626,R0202,Food_Item_01626,South Indian,424.24
I01627,R0237,Food_Item_01627,Chinese,100.76
I01628,R0191,Food_Item_01628,Healthy,300.22
I01629,R0275,Food_Item_01629,Burger,383.29
I01630,R0091,Food_Item_01630,Desserts,554.58
I01631,R0330,Food_Item_01631,Chinese,632.03
I01632,R0254,Food_Item_01632,Beverages,869.41
I01633,R0457,Food_Item_01633,Desserts,306.89
I01634,R0160,Food_Item_01634,Healthy,526.42
I01635,R0381,Food_Item_01635,Bengali,699.95
I01636,R0083,Food_Item_01636,Burger,334.63
I01637,R0047,Food_Item_01637,Beverages,529.79
I01638,R0377,Food_Item_01638,Bengali,423.21
I01639,R0445,Food_Item_01639,Desserts,405.74
I01640,R0450,Food_Item_01640,Burger,131.4
I01641,R0030,Food_Item_01641,South Indian,99.87
I01642,R0177,Food_Item_01642,Beverages,322.2
I01643,R0237,Food_Item_01643,Chinese,828.08
I01644,R0144,Food_Item_01644,Bengali,238.07
I01645,R0150,Food_Item_01645,Pizza,131.66
I01646,R0187,Food_Item_01646,Pizza,588.57
I01647,R0013,Food_Item_01647,Desserts,866.0
I01648,R0463,Food_Item_01648,Chinese,126.88
I01649,R0151,Food_Item_01649,Pizza,691.27
I01650,R0292,Food_Item_01650,Pizza,168.97
I01651,R0395,Food_Item_01651,Pizza,190.97
I01652,R0083,Food_Item_01652,South Indian,847.59
I01653,R0104,Food_Item_01653,Burger,654.99
I01654,R0317,Food_Item_01654,Biryani,538.63
I01655,R0497,Food_Item_01655,South Indian,215.01
I01656,R0201,Food_Item_01656,Healthy,538.42
I01657,R0456,Food_Item_01657,Healthy,131.06
I01658,R0009,Food_Item_01658,Bengali,403.43
I01659,R0369,Food_Item_01659,Bengali,657.65
I01660,R0485,Food_Item_01660,Healthy,546.03
I01661,R0373,Food_Item_01661,Desserts,633.64
I01662,R0058,Food_Item_01662,Pizza,174.99
I01663,R0006,Food_Item_01663,South Indian,702.05
I01664,R0207,Food_Item_01664,Chinese,864.15
I01665,R0280,Food_Item_01665,Pizza,824.17
I01666,R0329,Food_Item_01666,Healthy,152.11
I01667,R0465,Food_Item_01667,Bengali,160.85
I01668,R0294,Food_Item_01668,Desserts,500.96
I01669,R0134,Food_Item_01669,Beverages,509.73
I01670,R0003,Food_Item_01670,Biryani,782.84
I01671,R0467,Food_Item_01671,Burger,382.48
I01672,R0304,Food_Item_01672,Beverages,501.87
I01673,R0340,Food_Item_01673,Pizza,247.03
I01674,R0364,Food_Item_01674,Pizza,856.21
I01675,R0401,Food_Item_01675,Bengali,179.16
I01676,R0425,Food_Item_01676,Burger,821.34
I01677,R0435,Food_Item_01677,Beverages,810.36
I01678,R0092,Food_Item_01678,Desserts,121.39
I01679,R0149,Food_Item_01679,Desserts,715.84
I01680,R0019,Food_Item_01680,Desserts,356.77
I01681,R0061,Food_Item_01681,Pizza,264.26
I01682,R0473,Food_Item_01682,Bengali,410.0
I01683,R0212,Food_Item_01683,Pizza,837.62
I01684,R0341,Food_Item_01684,Biryani,407.1
I01685,R0283,Food_Item_01685,Healthy,279.02
I01686,R0228,Food_Item_01686,Burger,510.17
I01687,R0082,Food_Item_01687,Desserts,415.89
I01688,R0363,Food_Item_01688,Chinese,95.59
I01689,R0376,Food_Item_01689,Desserts,232.76
I01690,R0079,Food_Item_01690,Chinese,94.13
I01691,R0161,Food_Item_01691,Chinese,508.2
I01692,R0480,Food_Item_01692,Biryani,605.89
I01693,R0428,Food_Item_01693,South Indian,669.03
I01694,R0328,Food_Item_01694,Desserts,250.48
I01695,R0480,Food_Item_01695,Desserts,740.11
I01696,R0439,Food_Item_01696,Healthy,417.05
I01697,R0308,Food_Item_01697,Bengali,120.33
I01698,R0279,Food_Item_01698,Healthy,840.71
I01699,R0325,Food_Item_01699,Bengali,648.62
I01700,R0401,Food_Item_01700,Beverages,541.29
I01701,R0481,Food_Item_01701,Pizza,112.97
I01702,R0164,Food_Item_01702,Pizza,91.46
I01703,R0151,Food_Item_01703,Bengali,543.16
I01704,R0067,Food_Item_01704,South Indian,800.61
I01705,R0006,Food_Item_01705,South Indian,610.92
I01706,R0177,Food_Item_01706,Healthy,84.54
I01707,R0125,Food_Item_01707,South Indian,603.18
I01708,R0449,Food_Item_01708,Biryani,365.86
I01709,R0244,Food_Item_01709,South Indian,180.07
I01710,R0350,Food_Item_01710,Burger,745.48
I01711,R0104,Food_Item_01711,Biryani,552.69
I01712,R0229,Food_Item_01712,Burger,673.87
I01713,R0405,Food_Item_01713,Biryani,215.35
I01714,R0118,Food_Item_01714,Bengali,175.22
I01715,R0197,Food_Item_01715,South Indian,501.9
I01716,R0300,Food_Item_01716,Healthy,512.85
I01717,R0101,Food_Item_01717,Biryani,557.28
I01718,R0297,Food_Item_01718,South Indian,690.27
I01719,R0308,Food_Item_01719,Healthy,624.15
I01720,R0266,Food_Item_01720,Bengali,634.53
I01721,R0083,Food_Item_01721,Chinese,223.5
I01722,R0369,Food_Item_01722,Bengali,422.85
I01723,R0419,Food_Item_01723,Burger,571.98
I01724,R0122,Food_Item_01724,Beverages,505.29
I01725,R0055,Food_Item_01725,Bengali,329.47
I01726,R0256,Food_Item_01726,Burger,854.3
I01727,R0088,Food_Item_01727,Biryani,194.96
I01728,R0155,Food_Item_01728,Bengali,879.2
I01729,R0329,Food_Item_01729,Healthy,721.29
I01730,R0103,Food_Item_01730,Healthy,568.87
I01731,R0184,Food_Item_01731,Bengali,184.53
I01732,R0167,Food_Item_01732,Healthy,542.4
I01733,R0358,Food_Item_01733,Beverages,152.11
I01734,R0402,Food_Item_01734,Chinese,844.18
I01735,R0436,Food_Item_01735,Beverages,314.2
I01736,R0057,Food_Item_01736,Pizza,407.6
I01737,R0385,Food_Item_01737,Healthy,602.15
I01738,R0138,Food_Item_01738,Healthy,95.37
I01739,R0448,Food_Item_01739,Bengali,524.39
I01740,R0267,Food_Item_01740,Healthy,666.17
I01741,R0461,Food_Item_01741,Pizza,249.96
I01742,R0201,Food_Item_01742,Biryani,206.29
I01743,R0161,Food_Item_01743,Chinese,479.87
I01744,R0414,Food_Item_01744,Biryani,519.98
I01745,R0179,Food_Item_01745,Burger,440.03
I01746,R0390,Food_Item_01746,Pizza,322.4
I01747,R0026,Food_Item_01747,South Indian,416.06
I01748,R0339,Food_Item_01748,Bengali,336.08
I01749,R0454,Food_Item_01749,Pizza,284.72
I01750,R0142,Food_Item_01750,Burger,467.13
I01751,R0493,Food_Item_01751,Desserts,404.43
I01752,R0011,Food_Item_01752,Burger,437.02
I01753,R0063,Food_Item_01753,Chinese,80.19
I01754,R0157,Food_Item_01754,Beverages,648.02
I01755,R0157,Food_Item_01755,Chinese,118.44
I01756,R0301,Food_Item_01756,Burger,249.5
I01757,R0434,Food_Item_01757,Beverages,738.83
I01758,R0051,Food_Item_01758,Healthy,887.0
I01759,R0375,Food_Item_01759,Healthy,893.01
I01760,R0412,Food_Item_01760,Chinese,565.63
I01761,R0291,Food_Item_01761,Biryani,292.72
I01762,R0494,Food_Item_01762,Chinese,764.56
I01763,R0049,Food_Item_01763,Desserts,613.27
I01764,R0369,Food_Item_01764,Healthy,888.68
I01765,R0209,Food_Item_01765,Biryani,530.26
I01766,R0208,Food_Item_01766,Pizza,511.46
I01767,R0301,Food_Item_01767,Burger,115.91
I01768,R0399,Food_Item_01768,Pizza,239.41
I01769,R0241,Food_Item_01769,Pizza,626.88
I01770,R0137,Food_Item_01770,Chinese,894.89
I01771,R0134,Food_Item_01771,Burger,470.01
I01772,R0478,Food_Item_01772,Bengali,103.86
I01773,R0208,Food_Item_01773,Healthy,407.62
I01774,R0184,Food_Item_01774,South Indian,183.58
I01775,R0283,Food_Item_01775,South Indian,866.97
I01776,R0345,Food_Item_01776,Healthy,195.88
I01777,R0019,Food_Item_01777,Bengali,176.65
I01778,R0010,Food_Item_01778,Healthy,455.37
I01779,R0287,Food_Item_01779,Healthy,524.37
I01780,R0316,Food_Item_01780,Biryani,668.19
I01781,R0246,Food_Item_01781,Healthy,381.74
I01782,R0149,Food_Item_01782,Pizza,815.53
I01783,R0392,Food_Item_01783,Burger,570.85
I01784,R0052,Food_Item_01784,South Indian,118.76
I01785,R0320,Food_Item_01785,Desserts,108.02
I01786,R0217,Food_Item_01786,Healthy,464.39
I01787,R0184,Food_Item_01787,South Indian,440.33
I01788,R0053,Food_Item_01788,Burger,450.95
I01789,R0335,Food_Item_01789,Chinese,126.9
I01790,R0093,Food_Item_01790,Chinese,123.68
I01791,R0271,Food_Item_01791,Burger,129.83
I01792,R0448,Food_Item_01792,Burger,681.82
I01793,R0372,Food_Item_01793,Desserts,573.2
I01794,R0032,Food_Item_01794,Healthy,191.9
I01795,R0492,Food_Item_01795,Bengali,433.41
I01796,R0313,Food_Item_01796,Pizza,853.21
I01797,R0416,Food_Item_01797,Desserts,136.69
I01798,R0031,Food_Item_01798,Bengali,235.1
I01799,R0458,Food_Item_01799,Chinese,399.48
I01800,R0360,Food_Item_01800,Biryani,273.44
I01801,R0443,Food_Item_01801,Desserts,210.0
I01802,R0489,Food_Item_01802,Bengali,878.13
I01803,R0421,Food_Item_01803,Burger,708.48
I01804,R0215,Food_Item_01804,Chinese,677.92
I01805,R0420,Food_Item_01805,South Indian,844.49
I01806,R0485,Food_Item_01806,Bengali,233.38
I01807,R0454,Food_Item_01807,Bengali,809.58
I01808,R0321,Food_Item_01808,Biryani,885.79
I01809,R0480,Food_Item_01809,South Indian,560.78
I01810,R0298,Food_Item_01810,Biryani,820.65
I01811,R0223,Food_Item_01811,Pizza,749.22
I01812,R0086,Food_Item_01812,Biryani,340.67
I01813,R0233,Food_Item_01813,Bengali,352.52
I01814,R0477,Food_Item_01814,Beverages,634.17
I01815,R0060,Food_Item_01815,Healthy,532.75
I01816,R0431,Food_Item_01816,Desserts,395.65
I01817,R0322,Food_Item_01817,Beverages,118.58
I01818,R0066,Food_Item_01818,Pizza,98.82
I01819,R0113,Food_Item_01819,Biryani,160.35
I01820,R0015,Food_Item_01820,Burger,411.4
I01821,R0371,Food_Item_01821,Chinese,102.48
I01822,R0180,Food_Item_01822,Chinese,201.5
I01823,R0093,Food_Item_01823,Bengali,873.82
I01824,R0080,Food_Item_01824,Biryani,449.47
I01825,R0253,Food_Item_01825,Biryani,845.27
I01826,R0169,Food_Item_01826,Beverages,235.77
I01827,R0453,Food_Item_01827,Bengali,373.99
I01828,R0480,Food_Item_01828,Chinese,630.39
I01829,R0101,Food_Item_01829,Beverages,891.7
I01830,R0431,Food_Item_01830,Desserts,653.87
I01831,R0031,Food_Item_01831,Beverages,819.81
I01832,R0221,Food_Item_01832,Bengali,120.28
I01833,R0289,Food_Item_01833,South Indian,329.14
I01834,R0138,Food_Item_01834,Healthy,803.89
I01835,R0325,Food_Item_01835,Healthy,509.04
I01836,R0289,Food_Item_01836,Desserts,219.29
I01837,R0468,Food_Item_01837,Bengali,219.24
I01838,R0469,Food_Item_01838,Biryani,702.1
I01839,R0409,Food_Item_01839,Beverages,209.53
I01840,R0396,Food_Item_01840,Pizza,488.09
I01841,R0169,Food_Item_01841,Biryani,228.66
I01842,R0434,Food_Item_01842,South Indian,250.79
I01843,R0182,Food_Item_01843,Biryani,405.77
I01844,R0381,Food_Item_01844,Biryani,176.83
I01845,R0243,Food_Item_01845,South Indian,620.65
I01846,R0252,Food_Item_01846,Chinese,216.22
I01847,R0405,Food_Item_01847,Pizza,696.65
I01848,R0071,Food_Item_01848,Healthy,507.47
I01849,R0426,Food_Item_01849,Pizza,364.13
I01850,R0410,Food_Item_01850,Pizza,583.68
I01851,R0236,Food_Item_01851,Beverages,414.25
I01852,R0326,Food_Item_01852,Desserts,147.65
I01853,R0133,Food_Item_01853,Chinese,333.47
I01854,R0387,Food_Item_01854,Burger,510.23
I01855,R0060,Food_Item_01855,Healthy,165.48
I01856,R0368,Food_Item_01856,Biryani,680.53
I01857,R0340,Food_Item_01857,Bengali,372.29
I01858,R0124,Food_Item_01858,Biryani,247.93
I01859,R0408,Food_Item_01859,Biryani,86.6
I01860,R0143,Food_Item_01860,Biryani,149.64
I01861,R0272,Food_Item_01861,Bengali,274.57
I01862,R0429,Food_Item_01862,Burger,380.91
I01863,R0030,Food_Item_01863,Desserts,205.71
I01864,R0204,Food_Item_01864,Healthy,526.89
I01865,R0314,Food_Item_01865,Biryani,239.4
I01866,R0089,Food_Item_01866,Bengali,862.82
I01867,R0257,Food_Item_01867,Healthy,543.14
I01868,R0322,Food_Item_01868,Pizza,733.23
I01869,R0436,Food_Item_01869,Chinese,425.89
I01870,R0150,Food_Item_01870,Biryani,248.0
I01871,R0416,Food_Item_01871,Biryani,448.64
I01872,R0322,Food_Item_01872,Healthy,418.1
I01873,R0255,Food_Item_01873,Burger,591.4
I01874,R0296,Food_Item_01874,Pizza,826.71
I01875,R0495,Food_Item_01875,Healthy,274.52
I01876,R0332,Food_Item_01876,Burger,159.17
I01877,R0216,Food_Item_01877,Burger,666.54
I01878,R0497,Food_Item_01878,Beverages,80.32
I01879,R0347,Food_Item_01879,Desserts,731.57
I01880,R0139,Food_Item_01880,South Indian,676.87
I01881,R0306,Food_Item_01881,Beverages,757.16
I01882,R0488,Food_Item_01882,Burger,154.31
I01883,R0350,Food_Item_01883,Beverages,247.04
I01884,R0382,Food_Item_01884,Bengali,532.35
I01885,R0331,Food_Item_01885,Bengali,348.38
I01886,R0428,Food_Item_01886,Chinese,773.58
I01887,R0041,Food_Item_01887,Pizza,455.84
I01888,R0402,Food_Item_01888,Bengali,432.18
I01889,R0451,Food_Item_01889,Beverages,231.5
I01890,R0012,Food_Item_01890,Biryani,540.86
I01891,R0395,Food_Item_01891,Pizza,363.68
I01892,R0252,Food_Item_01892,Beverages,449.44
I01893,R0193,Food_Item_01893,Beverages,302.46
I01894,R0053,Food_Item_01894,Bengali,579.26
I01895,R0160,Food_Item_01895,South Indian,767.21
I01896,R0337,Food_Item_01896,Biryani,96.86
I01897,R0257,Food_Item_01897,Healthy,269.35
I01898,R0030,Food_Item_01898,Bengali,635.43
I01899,R0154,Food_Item_01899,Biryani,659.44
I01900,R0017,Food_Item_01900,Chinese,321.31
I01901,R0182,Food_Item_01901,Beverages,314.67
I01902,R0454,Food_Item_01902,Healthy,692.39
I01903,R0379,Food_Item_01903,Bengali,537.85
I01904,R0459,Food_Item_01904,Pizza,398.94
I01905,R0084,Food_Item_01905,Pizza,125.45
I01906,R0312,Food_Item_01906,Chinese,615.48
I01907,R0151,Food_Item_01907,Desserts,320.21
I01908,R0230,Food_Item_01908,Desserts,553.22
I01909,R0484,Food_Item_01909,Desserts,672.35
I01910,R0415,Food_Item_01910,Burger,459.88
I01911,R0349,Food_Item_01911,Burger,287.69
I01912,R0483,Food_Item_01912,Burger,255.6
I01913,R0250,Food_Item_01913,Desserts,658.03
I01914,R0028,Food_Item_01914,Desserts,811.06
I01915,R0457,Food_Item_01915,Biryani,883.58
I01916,R0052,Food_Item_01916,Desserts,738.68
I01917,R0134,Food_Item_01917,Chinese,574.22
I01918,R0453,Food_Item_01918,Chinese,788.75
I01919,R0444,Food_Item_01919,South Indian,399.52
I01920,R0050,Food_Item_01920,South Indian,803.39
I01921,R0429,Food_Item_01921,Healthy,432.8
I01922,R0358,Food_Item_01922,South Indian,568.18
I01923,R0054,Food_Item_01923,Beverages,219.34
I01924,R0277,Food_Item_01924,Beverages,487.7
I01925,R0133,Food_Item_01925,Healthy,360.02
I01926,R0261,Food_Item_01926,Bengali,380.53
I01927,R0093,Food_Item_01927,Healthy,570.51
I01928,R0049,Food_Item_01928,Bengali,803.14
I01929,R0326,Food_Item_01929,Chinese,757.28
I01930,R0365,Food_Item_01930,Beverages,366.15
I01931,R0096,Food_Item_01931,Beverages,681.75
I01932,R0302,Food_Item_01932,Burger,529.05
I01933,R0246,Food_Item_01933,Healthy,365.61
I01934,R0465,Food_Item_01934,Chinese,824.61
I01935,R0283,Food_Item_01935,Burger,212.23
I01936,R0241,Food_Item_01936,Desserts,740.22
I01937,R0005,Food_Item_01937,Burger,254.03
I01938,R0457,Food_Item_01938,Chinese,811.81
I01939,R0331,Food_Item_01939,South Indian,671.5
I01940,R0092,Food_Item_01940,South Indian,461.25
I01941,R0003,Food_Item_01941,Pizza,143.4
I01942,R0102,Food_Item_01942,Pizza,227.74
I01943,R0252,Food_Item_01943,Biryani,215.27
I01944,R0475,Food_Item_01944,Bengali,704.48
I01945,R0311,Food_Item_01945,Healthy,590.05
I01946,R0050,Food_Item_01946,Bengali,258.45
I01947,R0097,Food_Item_01947,Bengali,381.49
I01948,R0119,Food_Item_01948,Beverages,333.65
I01949,R0038,Food_Item_01949,Biryani,615.04
I01950,R0071,Food_Item_01950,Biryani,350.92
I01951,R0046,Food_Item_01951,Healthy,710.25
I01952,R0355,Food_Item_01952,Healthy,649.87
I01953,R0342,Food_Item_01953,South Indian,278.94
I01954,R0391,Food_Item_01954,Biryani,345.54
I01955,R0092,Food_Item_01955,Pizza,530.56
I01956,R0451,Food_Item_01956,Desserts,824.45
I01957,R0187,Food_Item_01957,Burger,171.42
I01958,R0074,Food_Item_01958,Bengali,374.04
I01959,R0079,Food_Item_01959,Desserts,571.33
I01960,R0161,Food_Item_01960,Chinese,346.13
I01961,R0044,Food_Item_01961,South Indian,317.43
I01962,R0159,Food_Item_01962,Healthy,434.2
I01963,R0331,Food_Item_01963,Healthy,237.94
I01964,R0487,Food_Item_01964,South Indian,574.82
I01965,R0003,Food_Item_01965,Pizza,800.22
I01966,R0292,Food_Item_01966,Biryani,826.82
I01967,R0118,Food_Item_01967,Pizza,466.56
I01968,R0169,Food_Item_01968,South Indian,320.63
I01969,R0322,Food_Item_01969,Healthy,393.57
I01970,R0150,Food_Item_01970,South Indian,267.25
I01971,R0220,Food_Item_01971,Healthy,570.81
I01972,R0160,Food_Item_01972,Desserts,190.47
I01973,R0181,Food_Item_01973,Biryani,340.9
I01974,R0357,Food_Item_01974,Chinese,219.89
I01975,R0147,Food_Item_01975,Bengali,248.32
I01976,R0275,Food_Item_01976,Biryani,630.59
I01977,R0397,Food_Item_01977,Biryani,894.05
I01978,R0312,Food_Item_01978,Chinese,633.84
I01979,R0380,Food_Item_01979,Healthy,280.17
I01980,R0236,Food_Item_01980,Bengali,414.28
I01981,R0233,Food_Item_01981,South Indian,594.91
I01982,R0014,Food_Item_01982,South Indian,791.26
I01983,R0353,Food_Item_01983,South Indian,665.69
I01984,R0344,Food_Item_01984,Beverages,199.21
I01985,R0256,Food_Item_01985,Burger,575.22
I01986,R0363,Food_Item_01986,Burger,241.68
I01987,R0330,Food_Item_01987,Burger,386.95
I01988,R0091,Food_Item_01988,Bengali,871.15
I01989,R0112,Food_Item_01989,Burger,811.51
I01990,R0325,Food_Item_01990,Healthy,290.55
I01991,R0049,Food_Item_01991,Desserts,677.4
I01992,R0439,Food_Item_01992,Burger,350.21
I01993,R0175,Food_Item_01993,Burger,86.44
I01994,R0302,Food_Item_01994,Chinese,777.1
I01995,R0261,Food_Item_01995,Beverages,754.44
I01996,R0335,Food_Item_01996,Healthy,321.21
I01997,R0178,Food_Item_01997,South Indian,713.12
I01998,R0351,Food_Item_01998,Pizza,105.82
I01999,R0087,Food_Item_01999,Biryani,522.62
I02000,R0163,Food_Item_02000,Bengali,884.9
I02001,R0020,Food_Item_02001,Bengali,726.55
I02002,R0078,Food_Item_02002,Chinese,551.96
I02003,R0028,Food_Item_02003,Healthy,379.97
I02004,R0237,Food_Item_02004,Biryani,682.98
I02005,R0037,Food_Item_02005,Burger,879.83
I02006,R0116,Food_Item_02006,Desserts,237.54
I02007,R0242,Food_Item_02007,Burger,120.62
I02008,R0344,Food_Item_02008,Pizza,389.36
I02009,R0013,Food_Item_02009,Desserts,503.84
I02010,R0358,Food_Item_02010,Healthy,281.08
I02011,R0260,Food_Item_02011,Pizza,585.58
I02012,R0005,Food_Item_02012,Chinese,330.81
I02013,R0049,Food_Item_02013,Healthy,885.17
I02014,R0478,Food_Item_02014,Pizza,297.58
I02015,R0225,Food_Item_02015,Pizza,738.44
I02016,R0463,Food_Item_02016,Burger,871.0
I02017,R0258,Food_Item_02017,South Indian,489.63
I02018,R0066,Food_Item_02018,Beverages,243.39
I02019,R0365,Food_Item_02019,Chinese,810.11
I02020,R0239,Food_Item_02020,Chinese,409.92
I02021,R0190,Food_Item_02021,Beverages,526.18
I02022,R0105,Food_Item_02022,Burger,120.21
I02023,R0222,Food_Item_02023,Chinese,365.45
I02024,R0482,Food_Item_02024,Burger,535.88
I02025,R0110,Food_Item_02025,Biryani,648.25
I02026,R0284,Food_Item_02026,Bengali,859.94
I02027,R0017,Food_Item_02027,Healthy,558.47
I02028,R0351,Food_Item_02028,Burger,302.55
I02029,R0446,Food_Item_02029,Biryani,536.88
I02030,R0489,Food_Item_02030,Healthy,138.16
I02031,R0406,Food_Item_02031,Biryani,201.44
I02032,R0337,Food_Item_02032,Biryani,368.51
I02033,R0292,Food_Item_02033,Desserts,98.25
I02034,R0436,Food_Item_02034,Pizza,141.77
I02035,R0005,Food_Item_02035,Healthy,86.02
I02036,R0121,Food_Item_02036,Chinese,229.07
I02037,R0023,Food_Item_02037,Desserts,756.94
I02038,R0115,Food_Item_02038,Pizza,368.15
I02039,R0112,Food_Item_02039,Pizza,820.01
I02040,R0221,Food_Item_02040,Beverages,805.65
I02041,R0346,Food_Item_02041,South Indian,788.03
I02042,R0441,Food_Item_02042,Healthy,253.73
I02043,R0300,Food_Item_02043,Healthy,360.76
I02044,R0020,Food_Item_02044,Bengali,464.03
I02045,R0050,Food_Item_02045,Beverages,433.91
I02046,R0221,Food_Item_02046,Beverages,145.52
I02047,R0307,Food_Item_02047,Bengali,275.89
I02048,R0413,Food_Item_02048,Beverages,588.58
I02049,R0188,Food_Item_02049,Biryani,634.76
I02050,R0089,Food_Item_02050,Pizza,379.02
I02051,R0071,Food_Item_02051,South Indian,323.54
I02052,R0308,Food_Item_02052,Biryani,560.57
I02053,R0500,Food_Item_02053,South Indian,624.04
I02054,R0035,Food_Item_02054,Bengali,663.01
I02055,R0005,Food_Item_02055,Chinese,744.99
I02056,R0006,Food_Item_02056,Healthy,558.78
I02057,R0274,Food_Item_02057,Beverages,390.68
I02058,R0160,Food_Item_02058,Beverages,365.27
I02059,R0413,Food_Item_02059,Desserts,108.16
I02060,R0403,Food_Item_02060,Bengali,421.41
I02061,R0252,Food_Item_02061,Bengali,792.4
I02062,R0021,Food_Item_02062,Biryani,594.68
I02063,R0286,Food_Item_02063,Healthy,566.31
I02064,R0183,Food_Item_02064,Beverages,263.53
I02065,R0419,Food_Item_02065,Burger,568.78
I02066,R0365,Food_Item_02066,Desserts,227.94
I02067,R0480,Food_Item_02067,Chinese,359.64
I02068,R0185,Food_Item_02068,Healthy,559.28
I02069,R0162,Food_Item_02069,South Indian,117.21
I02070,R0240,Food_Item_02070,Desserts,335.36
I02071,R0413,Food_Item_02071,Pizza,152.59
I02072,R0251,Food_Item_02072,Biryani,214.44
I02073,R0168,Food_Item_02073,Healthy,368.76
I02074,R0454,Food_Item_02074,Bengali,648.11
I02075,R0196,Food_Item_02075,Bengali,299.29
I02076,R0438,Food_Item_02076,Chinese,96.47
I02077,R0320,Food_Item_02077,Bengali,407.22
I02078,R0032,Food_Item_02078,Chinese,261.24
I02079,R0247,Food_Item_02079,Bengali,718.19
I02080,R0347,Food_Item_02080,Bengali,754.01
I02081,R0458,Food_Item_02081,Pizza,630.2
I02082,R0272,Food_Item_02082,Healthy,582.65
I02083,R0008,Food_Item_02083,Healthy,679.11
I02084,R0178,Food_Item_02084,Desserts,388.31
I02085,R0485,Food_Item_02085,Biryani,613.94
I02086,R0247,Food_Item_02086,Biryani,424.18
I02087,R0193,Food_Item_02087,Beverages,432.46
I02088,R0440,Food_Item_02088,Pizza,726.76
I02089,R0209,Food_Item_02089,Healthy,728.68
I02090,R0387,Food_Item_02090,Chinese,408.37
I02091,R0011,Food_Item_02091,Pizza,848.46
I02092,R0285,Food_Item_02092,Desserts,524.06
I02093,R0012,Food_Item_02093,Desserts,479.48
I02094,R0088,Food_Item_02094,Bengali,491.27
I02095,R0273,Food_Item_02095,Desserts,719.08
I02096,R0310,Food_Item_02096,South Indian,873.38
I02097,R0060,Food_Item_02097,Burger,645.85
I02098,R0250,Food_Item_02098,Chinese,359.86
I02099,R0204,Food_Item_02099,Bengali,503.78
I02100,R0224,Food_Item_02100,Beverages,331.91
I02101,R0406,Food_Item_02101,Chinese,616.01
I02102,R0472,Food_Item_02102,Biryani,899.36
I02103,R0038,Food_Item_02103,Chinese,789.25
I02104,R0497,Food_Item_02104,Bengali,467.65
I02105,R0026,Food_Item_02105,Desserts,360.59
I02106,R0476,Food_Item_02106,Beverages,451.24
I02107,R0308,Food_Item_02107,Beverages,339.32
I02108,R0370,Food_Item_02108,Burger,893.14
I02109,R0122,Food_Item_02109,Biryani,245.57
I02110,R0300,Food_Item_02110,Pizza,744.0
I02111,R0297,Food_Item_02111,Pizza,419.76
I02112,R0160,Food_Item_02112,Desserts,614.38
I02113,R0252,Food_Item_02113,Burger,836.72
I02114,R0474,Food_Item_02114,Pizza,565.51
I02115,R0054,Food_Item_02115,South Indian,585.8
I02116,R0228,Food_Item_02116,South Indian,109.53
I02117,R0169,Food_Item_02117,Desserts,185.64
I02118,R0101,Food_Item_02118,Healthy,523.22
I02119,R0240,Food_Item_02119,Biryani,383.93
I02120,R0056,Food_Item_02120,Biryani,579.49
I02121,R0061,Food_Item_02121,Beverages,395.08
I02122,R0418,Food_Item_02122,Healthy,223.47
I02123,R0160,Food_Item_02123,Chinese,733.34
I02124,R0165,Food_Item_02124,Pizza,773.02
I02125,R0331,Food_Item_02125,Burger,873.79
I02126,R0384,Food_Item_02126,South Indian,244.59
I02127,R0433,Food_Item_02127,Biryani,335.4
I02128,R0314,Food_Item_02128,Pizza,310.25
I02129,R0133,Food_Item_02129,Biryani,842.69
I02130,R0142,Food_Item_02130,Desserts,569.87
I02131,R0354,Food_Item_02131,South Indian,836.39
I02132,R0426,Food_Item_02132,Healthy,810.07
I02133,R0460,Food_Item_02133,South Indian,281.13
I02134,R0423,Food_Item_02134,Burger,430.82
I02135,R0314,Food_Item_02135,Burger,419.17
I02136,R0086,Food_Item_02136,Healthy,479.26
I02137,R0209,Food_Item_02137,Pizza,898.11
I02138,R0061,Food_Item_02138,Desserts,222.49
I02139,R0220,Food_Item_02139,Beverages,713.4
I02140,R0301,Food_Item_02140,Healthy,266.65
I02141,R0338,Food_Item_02141,Biryani,686.3
I02142,R0117,Food_Item_02142,Desserts,246.22
I02143,R0349,Food_Item_02143,Beverages,512.21
I02144,R0167,Food_Item_02144,Desserts,627.58
I02145,R0348,Food_Item_02145,Beverages,434.14
I02146,R0469,Food_Item_02146,Healthy,872.25
I02147,R0145,Food_Item_02147,Beverages,658.55
I02148,R0088,Food_Item_02148,Desserts,209.01
I02149,R0484,Food_Item_02149,Pizza,385.16
I02150,R0236,Food_Item_02150,Beverages,337.47
I02151,R0116,Food_Item_02151,Desserts,322.31
I02152,R0148,Food_Item_02152,Burger,253.64
I02153,R0235,Food_Item_02153,Bengali,232.29
I02154,R0174,Food_Item_02154,Pizza,793.53
I02155,R0453,Food_Item_02155,Beverages,891.25
I02156,R0186,Food_Item_02156,Bengali,211.22
I02157,R0237,Food_Item_02157,Bengali,728.83
I02158,R0130,Food_Item_02158,Burger,266.59
I02159,R0353,Food_Item_02159,Pizza,507.77
I02160,R0382,Food_Item_02160,Chinese,241.65
I02161,R0283,Food_Item_02161,Chinese,302.31
I02162,R0406,Food_Item_02162,Beverages,416.77
I02163,R0138,Food_Item_02163,Healthy,658.14
I02164,R0270,Food_Item_02164,Bengali,468.71
I02165,R0365,Food_Item_02165,Beverages,744.24
I02166,R0450,Food_Item_02166,Healthy,159.21
I02167,R0164,Food_Item_02167,Desserts,548.92
I02168,R0069,Food_Item_02168,Chinese,167.5
I02169,R0392,Food_Item_02169,Burger,176.6
I02170,R0254,Food_Item_02170,Burger,333.3
I02171,R0028,Food_Item_02171,Burger,166.08
I02172,R0415,Food_Item_02172,Pizza,715.88
I02173,R0250,Food_Item_02173,Desserts,496.06
I02174,R0311,Food_Item_02174,Healthy,608.54
I02175,R0180,Food_Item_02175,Burger,126.14
I02176,R0493,Food_Item_02176,Chinese,264.34
I02177,R0216,Food_Item_02177,Healthy,509.1
I02178,R0298,Food_Item_02178,Healthy,147.25
I02179,R0269,Food_Item_02179,Biryani,211.68
I02180,R0481,Food_Item_02180,Chinese,97.94
I02181,R0306,Food_Item_02181,Chinese,827.42
I02182,R0050,Food_Item_02182,Burger,433.62
I02183,R0429,Food_Item_02183,Healthy,116.92
I02184,R0022,Food_Item_02184,Desserts,457.6
I02185,R0263,Food_Item_02185,Biryani,807.79
I02186,R0179,Food_Item_02186,Bengali,235.76
I02187,R0241,Food_Item_02187,Bengali,275.05
I02188,R0421,Food_Item_02188,South Indian,885.43
I02189,R0055,Food_Item_02189,Desserts,780.21
I02190,R0026,Food_Item_02190,Chinese,529.79
I02191,R0451,Food_Item_02191,Desserts,232.53
I02192,R0127,Food_Item_02192,South Indian,260.01
I02193,R0222,Food_Item_02193,Healthy,786.4
I02194,R0493,Food_Item_02194,Beverages,633.94
I02195,R0363,Food_Item_02195,Biryani,367.77
I02196,R0321,Food_Item_02196,Pizza,101.29
I02197,R0004,Food_Item_02197,Chinese,191.54
I02198,R0197,Food_Item_02198,Biryani,677.97
I02199,R0260,Food_Item_02199,Biryani,611.97
I02200,R0039,Food_Item_02200,Biryani,374.2
I02201,R0324,Food_Item_02201,Healthy,565.41
I02202,R0378,Food_Item_02202,South Indian,699.2
I02203,R0184,Food_Item_02203,Beverages,607.94
I02204,R0463,Food_Item_02204,Beverages,276.4
I02205,R0468,Food_Item_02205,Pizza,860.23
I02206,R0371,Food_Item_02206,Desserts,99.38
I02207,R0158,Food_Item_02207,Bengali,536.15
I02208,R0059,Food_Item_02208,Healthy,263.11
I02209,R0349,Food_Item_02209,Beverages,660.17
I02210,R0266,Food_Item_02210,Bengali,540.68
I02211,R0359,Food_Item_02211,Desserts,240.48
I02212,R0202,Food_Item_02212,South Indian,494.83
I02213,R0077,Food_Item_02213,Bengali,506.19
I02214,R0453,Food_Item_02214,Bengali,424.65
I02215,R0482,Food_Item_02215,Beverages,114.58
I02216,R0382,Food_Item_02216,Beverages,249.56
I02217,R0012,Food_Item_02217,Pizza,874.43
I02218,R0401,Food_Item_02218,Biryani,234.56
I02219,R0498,Food_Item_02219,Burger,456.19
I02220,R0207,Food_Item_02220,South Indian,321.11
I02221,R0252,Food_Item_02221,Pizza,700.62
I02222,R0013,Food_Item_02222,Chinese,554.03
I02223,R0301,Food_Item_02223,Chinese,666.63
I02224,R0380,Food_Item_02224,Healthy,602.32
I02225,R0101,Food_Item_02225,Chinese,493.03
I02226,R0317,Food_Item_02226,Pizza,867.71
I02227,R0131,Food_Item_02227,Chinese,656.61
I02228,R0071,Food_Item_02228,Biryani,644.84
I02229,R0012,Food_Item_02229,Biryani,646.19
I02230,R0379,Food_Item_02230,Bengali,462.77
I02231,R0106,Food_Item_02231,Burger,607.0
I02232,R0075,Food_Item_02232,Bengali,575.69
I02233,R0481,Food_Item_02233,Biryani,808.4
I02234,R0370,Food_Item_02234,Burger,882.66
I02235,R0129,Food_Item_02235,Bengali,476.09
I02236,R0357,Food_Item_02236,South Indian,572.68
I02237,R0250,Food_Item_02237,Bengali,318.02
I02238,R0004,Food_Item_02238,Bengali,773.26
I02239,R0136,Food_Item_02239,Burger,662.76
I02240,R0388,Food_Item_02240,Chinese,837.67
I02241,R0360,Food_Item_02241,Chinese,576.11
I02242,R0204,Food_Item_02242,Chinese,661.09
I02243,R0494,Food_Item_02243,Beverages,158.02
I02244,R0254,Food_Item_02244,Pizza,577.52
I02245,R0007,Food_Item_02245,Bengali,388.96
I02246,R0483,Food_Item_02246,Desserts,496.64
I02247,R0012,Food_Item_02247,Chinese,347.79
I02248,R0460,Food_Item_02248,Chinese,315.54
I02249,R0038,Food_Item_02249,Desserts,752.99
I02250,R0192,Food_Item_02250,Bengali,537.25
I02251,R0028,Food_Item_02251,South Indian,287.63
I02252,R0355,Food_Item_02252,Chinese,708.71
I02253,R0154,Food_Item_02253,Biryani,141.34
I02254,R0257,Food_Item_02254,Pizza,320.38
I02255,R0095,Food_Item_02255,South Indian,355.77
I02256,R0412,Food_Item_02256,Desserts,225.62
I02257,R0232,Food_Item_02257,Pizza,771.01
I02258,R0160,Food_Item_02258,Chinese,632.6
I02259,R0012,Food_Item_02259,Burger,629.65
I02260,R0236,Food_Item_02260,Pizza,566.02
I02261,R0363,Food_Item_02261,Healthy,390.2
I02262,R0057,Food_Item_02262,Healthy,620.39
I02263,R0255,Food_Item_02263,Healthy,683.75
I02264,R0464,Food_Item_02264,Healthy,521.55
I02265,R0434,Food_Item_02265,Chinese,465.99
I02266,R0451,Food_Item_02266,Desserts,263.29
I02267,R0449,Food_Item_02267,Burger,148.88
I02268,R0139,Food_Item_02268,Bengali,113.87
I02269,R0080,Food_Item_02269,Burger,665.68
I02270,R0292,Food_Item_02270,Bengali,365.89
I02271,R0359,Food_Item_02271,Chinese,660.89
I02272,R0190,Food_Item_02272,Chinese,496.48
I02273,R0117,Food_Item_02273,Biryani,446.45
I02274,R0078,Food_Item_02274,Burger,595.72
I02275,R0255,Food_Item_02275,Chinese,230.27
I02276,R0023,Food_Item_02276,Bengali,883.33
I02277,R0343,Food_Item_02277,Beverages,350.79
I02278,R0412,Food_Item_02278,Desserts,710.73
I02279,R0415,Food_Item_02279,South Indian,283.25
I02280,R0145,Food_Item_02280,South Indian,463.7
I02281,R0050,Food_Item_02281,South Indian,489.43
I02282,R0258,Food_Item_02282,Healthy,331.46
I02283,R0371,Food_Item_02283,Beverages,365.87
I02284,R0452,Food_Item_02284,Chinese,436.94
I02285,R0061,Food_Item_02285,Bengali,765.68
I02286,R0010,Food_Item_02286,Chinese,490.04
I02287,R0071,Food_Item_02287,Bengali,152.63
I02288,R0274,Food_Item_02288,Chinese,257.67
I02289,R0084,Food_Item_02289,Beverages,888.54
I02290,R0478,Food_Item_02290,Desserts,153.7
I02291,R0173,Food_Item_02291,Pizza,611.14
I02292,R0405,Food_Item_02292,Biryani,253.15
I02293,R0163,Food_Item_02293,Healthy,434.18
I02294,R0110,Food_Item_02294,Chinese,372.76
I02295,R0043,Food_Item_02295,Pizza,881.29
I02296,R0101,Food_Item_02296,Desserts,532.04
I02297,R0376,Food_Item_02297,South Indian,284.93
I02298,R0382,Food_Item_02298,South Indian,574.93
I02299,R0334,Food_Item_02299,Bengali,138.55
I02300,R0040,Food_Item_02300,Burger,839.85
I02301,R0161,Food_Item_02301,Bengali,362.28
I02302,R0300,Food_Item_02302,Bengali,804.36
I02303,R0469,Food_Item_02303,Bengali,743.55
I02304,R0118,Food_Item_02304,Healthy,233.17
I02305,R0094,Food_Item_02305,Chinese,869.09
I02306,R0420,Food_Item_02306,South Indian,893.18
I02307,R0235,Food_Item_02307,Desserts,740.34
I02308,R0190,Food_Item_02308,Desserts,450.22
I02309,R0193,Food_Item_02309,Healthy,631.49
I02310,R0208,Food_Item_02310,Pizza,146.13
I02311,R0243,Food_Item_02311,Healthy,835.32
I02312,R0398,Food_Item_02312,South Indian,261.84
I02313,R0345,Food_Item_02313,Pizza,667.7
I02314,R0045,Food_Item_02314,Burger,737.26
I02315,R0067,Food_Item_02315,Chinese,875.05
I02316,R0301,Food_Item_02316,Healthy,755.52
I02317,R0420,Food_Item_02317,Biryani,750.8
I02318,R0482,Food_Item_02318,Pizza,658.41
I02319,R0448,Food_Item_02319,Desserts,552.85
I02320,R0326,Food_Item_02320,Healthy,114.34
I02321,R0119,Food_Item_02321,Biryani,877.62
I02322,R0041,Food_Item_02322,Chinese,448.16
I02323,R0368,Food_Item_02323,Chinese,733.37
I02324,R0455,Food_Item_02324,South Indian,389.37
I02325,R0203,Food_Item_02325,Desserts,453.97
I02326,R0065,Food_Item_02326,South Indian,459.13
I02327,R0366,Food_Item_02327,Pizza,891.81
I02328,R0185,Food_Item_02328,Burger,253.31
I02329,R0320,Food_Item_02329,Desserts,491.45
I02330,R0091,Food_Item_02330,Burger,206.85
I02331,R0179,Food_Item_02331,South Indian,485.18
I02332,R0361,Food_Item_02332,Chinese,527.69
I02333,R0429,Food_Item_02333,Chinese,192.05
I02334,R0133,Food_Item_02334,Desserts,652.57
I02335,R0400,Food_Item_02335,Burger,758.95
I02336,R0131,Food_Item_02336,Desserts,749.14
I02337,R0368,Food_Item_02337,Desserts,677.96
I02338,R0207,Food_Item_02338,Healthy,195.52
I02339,R0351,Food_Item_02339,South Indian,589.6
I02340,R0144,Food_Item_02340,Biryani,652.65
I02341,R0042,Food_Item_02341,Desserts,702.67
I02342,R0393,Food_Item_02342,Desserts,661.71
I02343,R0004,Food_Item_02343,Biryani,595.62
I02344,R0264,Food_Item_02344,Pizza,676.75
I02345,R0030,Food_Item_02345,Chinese,778.91
I02346,R0278,Food_Item_02346,South Indian,546.84
I02347,R0055,Food_Item_02347,South Indian,199.14
I02348,R0081,Food_Item_02348,Pizza,749.08
I02349,R0493,Food_Item_02349,Pizza,622.03
I02350,R0457,Food_Item_02350,Healthy,643.02
I02351,R0224,Food_Item_02351,Desserts,321.25
I02352,R0175,Food_Item_02352,South Indian,202.72
I02353,R0348,Food_Item_02353,Burger,720.19
I02354,R0189,Food_Item_02354,South Indian,120.52
I02355,R0076,Food_Item_02355,Healthy,409.92
I02356,R0122,Food_Item_02356,Burger,497.27
I02357,R0309,Food_Item_02357,Burger,94.29
I02358,R0481,Food_Item_02358,South Indian,569.55
I02359,R0327,Food_Item_02359,Pizza,178.09
I02360,R0304,Food_Item_02360,Biryani,277.99
I02361,R0393,Food_Item_02361,Healthy,894.73
I02362,R0031,Food_Item_02362,Desserts,539.42
I02363,R0312,Food_Item_02363,Chinese,873.98
I02364,R0097,Food_Item_02364,Bengali,483.96
I02365,R0211,Food_Item_02365,South Indian,738.81
I02366,R0241,Food_Item_02366,Biryani,111.15
I02367,R0365,Food_Item_02367,Desserts,318.83
I02368,R0094,Food_Item_02368,Biryani,312.24
I02369,R0478,Food_Item_02369,Bengali,137.24
I02370,R0303,Food_Item_02370,Burger,860.72
I02371,R0175,Food_Item_02371,Chinese,493.84
I02372,R0154,Food_Item_02372,South Indian,566.24
I02373,R0051,Food_Item_02373,Chinese,506.78
I02374,R0175,Food_Item_02374,Burger,283.82
I02375,R0059,Food_Item_02375,Biryani,837.93
I02376,R0394,Food_Item_02376,Pizza,628.57
I02377,R0397,Food_Item_02377,Desserts,181.35
I02378,R0263,Food_Item_02378,Biryani,458.67
I02379,R0483,Food_Item_02379,South Indian,81.21
I02380,R0057,Food_Item_02380,Burger,633.29
I02381,R0440,Food_Item_02381,Desserts,509.34
I02382,R0186,Food_Item_02382,Bengali,821.44
I02383,R0380,Food_Item_02383,Pizza,856.82
I02384,R0449,Food_Item_02384,Desserts,160.51
I02385,R0064,Food_Item_02385,Bengali,153.39
I02386,R0424,Food_Item_02386,Burger,817.25
I02387,R0497,Food_Item_02387,Beverages,499.92
I02388,R0380,Food_Item_02388,Chinese,465.14
I02389,R0074,Food_Item_02389,Biryani,548.05
I02390,R0422,Food_Item_02390,Bengali,462.45
I02391,R0139,Food_Item_02391,South Indian,583.7
I02392,R0046,Food_Item_02392,Chinese,858.24
I02393,R0322,Food_Item_02393,South Indian,576.91
I02394,R0062,Food_Item_02394,Healthy,343.0
I02395,R0285,Food_Item_02395,Chinese,254.97
I02396,R0010,Food_Item_02396,Desserts,872.22
I02397,R0371,Food_Item_02397,Beverages,555.11
I02398,R0063,Food_Item_02398,Bengali,544.67
I02399,R0336,Food_Item_02399,Healthy,107.33
I02400,R0412,Food_Item_02400,South Indian,833.08
I02401,R0049,Food_Item_02401,Burger,465.07
I02402,R0019,Food_Item_02402,South Indian,899.8
I02403,R0439,Food_Item_02403,Pizza,217.65
I02404,R0233,Food_Item_02404,Burger,347.49
I02405,R0253,Food_Item_02405,Pizza,252.26
I02406,R0124,Food_Item_02406,Biryani,390.72
I02407,R0238,Food_Item_02407,Pizza,880.84
I02408,R0417,Food_Item_02408,Beverages,420.12
I02409,R0422,Food_Item_02409,Beverages,758.22
I02410,R0402,Food_Item_02410,Healthy,699.32
I02411,R0145,Food_Item_02411,Biryani,324.32
I02412,R0383,Food_Item_02412,Healthy,555.52
I02413,R0225,Food_Item_02413,Chinese,778.4
I02414,R0190,Food_Item_02414,Chinese,581.29
I02415,R0164,Food_Item_02415,Pizza,297.24
I02416,R0463,Food_Item_02416,Healthy,787.8
I02417,R0087,Food_Item_02417,Healthy,536.06
I02418,R0448,Food_Item_02418,Desserts,883.61
I02419,R0457,Food_Item_02419,Biryani,617.61
I02420,R0326,Food_Item_02420,Chinese,448.06
I02421,R0014,Food_Item_02421,Burger,437.44
I02422,R0307,Food_Item_02422,Healthy,801.69
I02423,R0058,Food_Item_02423,Bengali,884.09
I02424,R0169,Food_Item_02424,Healthy,416.49
I02425,R0038,Food_Item_02425,Beverages,213.68
I02426,R0368,Food_Item_02426,South Indian,112.62
I02427,R0242,Food_Item_02427,Burger,344.35
I02428,R0470,Food_Item_02428,Beverages,360.42
I02429,R0342,Food_Item_02429,Desserts,429.21
I02430,R0159,Food_Item_02430,Desserts,198.92
I02431,R0388,Food_Item_02431,Healthy,483.98
I02432,R0143,Food_Item_02432,Bengali,853.56
I02433,R0135,Food_Item_02433,Desserts,270.65
I02434,R0132,Food_Item_02434,Chinese,641.5
I02435,R0356,Food_Item_02435,South Indian,111.15
I02436,R0492,Food_Item_02436,Pizza,607.92
I02437,R0427,Food_Item_02437,Pizza,848.77
I02438,R0271,Food_Item_02438,Healthy,311.52
I02439,R0006,Food_Item_02439,Pizza,749.31
I02440,R0484,Food_Item_02440,Biryani,147.61
I02441,R0192,Food_Item_02441,Beverages,373.75
I02442,R0309,Food_Item_02442,Pizza,85.5
I02443,R0212,Food_Item_02443,South Indian,371.19
I02444,R0147,Food_Item_02444,Chinese,334.07
I02445,R0152,Food_Item_02445,Chinese,648.06
I02446,R0294,Food_Item_02446,Chinese,321.5
I02447,R0215,Food_Item_02447,Biryani,754.94
I02448,R0078,Food_Item_02448,Burger,318.99
I02449,R0189,Food_Item_02449,Bengali,263.12
I02450,R0225,Food_Item_02450,Biryani,485.51
I02451,R0313,Food_Item_02451,Burger,618.3
I02452,R0222,Food_Item_02452,Healthy,808.76
I02453,R0098,Food_Item_02453,Bengali,747.08
I02454,R0289,Food_Item_02454,South Indian,510.09
I02455,R0419,Food_Item_02455,South Indian,882.2
I02456,R0194,Food_Item_02456,Healthy,323.14
I02457,R0318,Food_Item_02457,Biryani,899.56
I02458,R0228,Food_Item_02458,Beverages,395.85
I02459,R0149,Food_Item_02459,South Indian,295.17
I02460,R0439,Food_Item_02460,South Indian,393.89
I02461,R0482,Food_Item_02461,Burger,560.37
I02462,R0091,Food_Item_02462,Chinese,468.63
I02463,R0312,Food_Item_02463,South Indian,121.15
I02464,R0462,Food_Item_02464,Burger,371.93
I02465,R0269,Food_Item_02465,Chinese,483.29
I02466,R0270,Food_Item_02466,Healthy,623.9
I02467,R0480,Food_Item_02467,Beverages,861.5
I02468,R0315,Food_Item_02468,Bengali,863.84
I02469,R0425,Food_Item_02469,Burger,501.51
I02470,R0053,Food_Item_02470,Beverages,546.65
I02471,R0295,Food_Item_02471,Beverages,652.39
I02472,R0073,Food_Item_02472,Healthy,764.97
I02473,R0102,Food_Item_02473,Desserts,691.09
I02474,R0367,Food_Item_02474,Burger,670.82
I02475,R0435,Food_Item_02475,Chinese,446.77
I02476,R0451,Food_Item_02476,Healthy,792.54
I02477,R0383,Food_Item_02477,Biryani,623.29
I02478,R0260,Food_Item_02478,Beverages,210.54
I02479,R0218,Food_Item_02479,South Indian,570.67
I02480,R0084,Food_Item_02480,South Indian,334.66
I02481,R0394,Food_Item_02481,Pizza,246.51
I02482,R0399,Food_Item_02482,Healthy,612.06
I02483,R0064,Food_Item_02483,Pizza,606.65
I02484,R0459,Food_Item_02484,Bengali,862.87
I02485,R0165,Food_Item_02485,South Indian,880.5
I02486,R0336,Food_Item_02486,Chinese,415.21
I02487,R0064,Food_Item_02487,Pizza,226.39
I02488,R0092,Food_Item_02488,Pizza,195.18
I02489,R0303,Food_Item_02489,Bengali,878.89
I02490,R0207,Food_Item_02490,Desserts,404.63
I02491,R0014,Food_Item_02491,Burger,361.08
I02492,R0470,Food_Item_02492,Desserts,589.34
I02493,R0444,Food_Item_02493,Desserts,127.0
I02494,R0096,Food_Item_02494,Pizza,610.34
I02495,R0325,Food_Item_02495,Chinese,798.12
I02496,R0086,Food_Item_02496,Chinese,673.9
I02497,R0359,Food_Item_02497,South Indian,422.31
I02498,R0351,Food_Item_02498,Biryani,175.24
I02499,R0373,Food_Item_02499,Healthy,277.82
I02500,R0272,Food_Item_02500,Bengali,297.65
I02501,R0012,Food_Item_02501,Desserts,395.64
I02502,R0103,Food_Item_02502,Bengali,189.34
I02503,R0496,Food_Item_02503,Chinese,552.04
I02504,R0309,Food_Item_02504,Beverages,380.38
I02505,R0172,Food_Item_02505,Burger,487.02
I02506,R0469,Food_Item_02506,Biryani,313.81
I02507,R0216,Food_Item_02507,Bengali,452.17
I02508,R0428,Food_Item_02508,Pizza,664.37
I02509,R0403,Food_Item_02509,Beverages,152.34
I02510,R0004,Food_Item_02510,Biryani,498.28
I02511,R0466,Food_Item_02511,Pizza,587.03
I02512,R0439,Food_Item_02512,Healthy,627.49
I02513,R0497,Food_Item_02513,Burger,836.69
I02514,R0314,Food_Item_02514,South Indian,720.52
I02515,R0350,Food_Item_02515,Beverages,685.98
I02516,R0134,Food_Item_02516,Burger,791.76
I02517,R0076,Food_Item_02517,Burger,829.83
I02518,R0047,Food_Item_02518,Biryani,768.27
I02519,R0089,Food_Item_02519,Beverages,583.48
I02520,R0486,Food_Item_02520,Biryani,771.34
I02521,R0138,Food_Item_02521,Healthy,347.66
I02522,R0015,Food_Item_02522,Desserts,860.62
I02523,R0344,Food_Item_02523,Burger,222.24
I02524,R0093,Food_Item_02524,South Indian,267.96
I02525,R0256,Food_Item_02525,South Indian,209.99
I02526,R0336,Food_Item_02526,Desserts,717.15
I02527,R0287,Food_Item_02527,Chinese,436.29
I02528,R0379,Food_Item_02528,Burger,685.18
I02529,R0010,Food_Item_02529,Pizza,498.25
I02530,R0134,Food_Item_02530,Chinese,410.69
I02531,R0203,Food_Item_02531,South Indian,815.03
I02532,R0369,Food_Item_02532,Bengali,434.36
I02533,R0271,Food_Item_02533,Beverages,587.09
I02534,R0383,Food_Item_02534,Pizza,784.05
I02535,R0371,Food_Item_02535,Burger,254.33
I02536,R0402,Food_Item_02536,Burger,410.23
I02537,R0304,Food_Item_02537,Pizza,198.82
I02538,R0377,Food_Item_02538,Pizza,525.0
I02539,R0340,Food_Item_02539,Beverages,727.45
I02540,R0017,Food_Item_02540,Desserts,125.13
I02541,R0141,Food_Item_02541,Beverages,129.47
I02542,R0447,Food_Item_02542,Bengali,687.78
I02543,R0046,Food_Item_02543,Beverages,661.87
I02544,R0282,Food_Item_02544,South Indian,409.8
I02545,R0384,Food_Item_02545,Beverages,375.77
I02546,R0216,Food_Item_02546,Bengali,311.27
I02547,R0090,Food_Item_02547,Biryani,130.64
I02548,R0013,Food_Item_02548,Pizza,501.11
I02549,R0331,Food_Item_02549,South Indian,585.18
I02550,R0296,Food_Item_02550,Beverages,789.6
I02551,R0346,Food_Item_02551,Pizza,524.33
I02552,R0082,Food_Item_02552,Desserts,204.6
I02553,R0235,Food_Item_02553,Healthy,332.71
I02554,R0274,Food_Item_02554,Pizza,723.72
I02555,R0420,Food_Item_02555,South Indian,586.92
I02556,R0095,Food_Item_02556,Beverages,712.31
I02557,R0348,Food_Item_02557,Burger,419.06
I02558,R0344,Food_Item_02558,Chinese,135.36
I02559,R0297,Food_Item_02559,South Indian,811.54
I02560,R0045,Food_Item_02560,South Indian,366.36
I02561,R0060,Food_Item_02561,Burger,148.37
I02562,R0301,Food_Item_02562,South Indian,561.25
I02563,R0312,Food_Item_02563,Burger,690.05
I02564,R0322,Food_Item_02564,Beverages,471.96
I02565,R0387,Food_Item_02565,Desserts,583.37
I02566,R0198,Food_Item_02566,Pizza,422.15
I02567,R0149,Food_Item_02567,Beverages,747.22
I02568,R0459,Food_Item_02568,Burger,722.65
I02569,R0347,Food_Item_02569,South Indian,670.38
I02570,R0264,Food_Item_02570,Healthy,96.3
I02571,R0280,Food_Item_02571,Desserts,503.41
I02572,R0376,Food_Item_02572,Healthy,723.98
I02573,R0156,Food_Item_02573,Bengali,280.8
I02574,R0223,Food_Item_02574,Beverages,292.54
I02575,R0022,Food_Item_02575,South Indian,821.48
I02576,R0396,Food_Item_02576,Pizza,770.21
I02577,R0251,Food_Item_02577,Pizza,890.27
I02578,R0449,Food_Item_02578,Bengali,487.89
I02579,R0149,Food_Item_02579,Pizza,181.87
I02580,R0207,Food_Item_02580,South Indian,86.77
I02581,R0028,Food_Item_02581,South Indian,659.03
I02582,R0484,Food_Item_02582,Biryani,749.67
I02583,R0172,Food_Item_02583,Beverages,431.19
I02584,R0077,Food_Item_02584,Biryani,429.15
I02585,R0307,Food_Item_02585,Burger,769.02
I02586,R0424,Food_Item_02586,Beverages,232.56
I02587,R0056,Food_Item_02587,Biryani,132.02
I02588,R0263,Food_Item_02588,Biryani,871.87
I02589,R0237,Food_Item_02589,Beverages,524.76
I02590,R0070,Food_Item_02590,Burger,713.35
I02591,R0139,Food_Item_02591,Healthy,862.89
I02592,R0313,Food_Item_02592,Pizza,744.54
I02593,R0495,Food_Item_02593,Pizza,463.44
I02594,R0066,Food_Item_02594,Bengali,611.46
I02595,R0316,Food_Item_02595,Healthy,598.44
I02596,R0444,Food_Item_02596,Desserts,838.93
I02597,R0379,Food_Item_02597,Bengali,195.68
I02598,R0408,Food_Item_02598,Burger,650.49
I02599,R0459,Food_Item_02599,Biryani,787.51
I02600,R0328,Food_Item_02600,Beverages,374.45
I02601,R0019,Food_Item_02601,Pizza,660.8
I02602,R0117,Food_Item_02602,Pizza,284.87
I02603,R0207,Food_Item_02603,Chinese,152.19
I02604,R0482,Food_Item_02604,Chinese,100.83
I02605,R0105,Food_Item_02605,Beverages,514.54
I02606,R0427,Food_Item_02606,Burger,122.37
I02607,R0318,Food_Item_02607,Bengali,565.79
I02608,R0358,Food_Item_02608,South Indian,387.93
I02609,R0053,Food_Item_02609,Burger,85.63
I02610,R0183,Food_Item_02610,Healthy,265.71
I02611,R0233,Food_Item_02611,Beverages,685.49
I02612,R0243,Food_Item_02612,Desserts,390.61
I02613,R0439,Food_Item_02613,South Indian,674.96
I02614,R0170,Food_Item_02614,Pizza,748.28
I02615,R0435,Food_Item_02615,Bengali,733.49
I02616,R0425,Food_Item_02616,Healthy,629.9
I02617,R0322,Food_Item_02617,Burger,692.2
I02618,R0155,Food_Item_02618,Desserts,547.23
I02619,R0050,Food_Item_02619,Beverages,461.1
I02620,R0120,Food_Item_02620,South Indian,130.6
I02621,R0304,Food_Item_02621,Biryani,879.59
I02622,R0108,Food_Item_02622,Healthy,769.0
I02623,R0451,Food_Item_02623,Biryani,630.98
I02624,R0201,Food_Item_02624,Desserts,608.16
I02625,R0142,Food_Item_02625,South Indian,552.98
I02626,R0312,Food_Item_02626,Desserts,157.42
I02627,R0078,Food_Item_02627,Desserts,341.91
I02628,R0416,Food_Item_02628,Pizza,358.49
I02629,R0275,Food_Item_02629,Biryani,730.84
I02630,R0463,Food_Item_02630,Pizza,576.07
I02631,R0428,Food_Item_02631,Pizza,406.48
I02632,R0041,Food_Item_02632,Beverages,349.03
I02633,R0450,Food_Item_02633,Biryani,780.18
I02634,R0024,Food_Item_02634,Desserts,724.22
I02635,R0397,Food_Item_02635,Chinese,746.74
I02636,R0182,Food_Item_02636,Beverages,404.24
I02637,R0173,Food_Item_02637,Bengali,472.98
I02638,R0406,Food_Item_02638,Desserts,550.09
I02639,R0138,Food_Item_02639,Beverages,237.29
I02640,R0454,Food_Item_02640,Healthy,377.07
I02641,R0021,Food_Item_02641,Beverages,482.72
I02642,R0085,Food_Item_02642,Chinese,629.71
I02643,R0179,Food_Item_02643,Healthy,448.59
I02644,R0143,Food_Item_02644,Chinese,206.78
I02645,R0436,Food_Item_02645,Bengali,428.59
I02646,R0451,Food_Item_02646,Burger,515.72
I02647,R0211,Food_Item_02647,Beverages,613.63
I02648,R0288,Food_Item_02648,Biryani,780.12
I02649,R0170,Food_Item_02649,Healthy,270.65
I02650,R0204,Food_Item_02650,South Indian,538.98
I02651,R0169,Food_Item_02651,Beverages,422.25
I02652,R0122,Food_Item_02652,South Indian,643.3
I02653,R0348,Food_Item_02653,Pizza,796.9
I02654,R0057,Food_Item_02654,Pizza,471.22
I02655,R0146,Food_Item_02655,Beverages,772.22
I02656,R0055,Food_Item_02656,Bengali,81.66
I02657,R0226,Food_Item_02657,Pizza,828.02
I02658,R0338,Food_Item_02658,Chinese,726.56
I02659,R0259,Food_Item_02659,Bengali,189.75
I02660,R0361,Food_Item_02660,South Indian,633.75
I02661,R0288,Food_Item_02661,Biryani,501.67
I02662,R0183,Food_Item_02662,South Indian,875.98
I02663,R0456,Food_Item_02663,Pizza,329.57
I02664,R0304,Food_Item_02664,Burger,579.39
I02665,R0020,Food_Item_02665,Desserts,508.74
I02666,R0079,Food_Item_02666,Desserts,261.32
I02667,R0336,Food_Item_02667,Biryani,747.21
I02668,R0011,Food_Item_02668,South Indian,689.28
I02669,R0087,Food_Item_02669,Burger,526.19
I02670,R0050,Food_Item_02670,Chinese,854.12
I02671,R0405,Food_Item_02671,Beverages,839.86
I02672,R0053,Food_Item_02672,Chinese,750.75
I02673,R0101,Food_Item_02673,Bengali,204.95
I02674,R0493,Food_Item_02674,Biryani,813.21
I02675,R0061,Food_Item_02675,South Indian,330.76
I02676,R0119,Food_Item_02676,Desserts,547.46
I02677,R0407,Food_Item_02677,Bengali,879.29
I02678,R0068,Food_Item_02678,Healthy,269.39
I02679,R0115,Food_Item_02679,Beverages,243.8
I02680,R0398,Food_Item_02680,Pizza,778.59
I02681,R0001,Food_Item_02681,Biryani,90.71
I02682,R0184,Food_Item_02682,Burger,222.87
I02683,R0129,Food_Item_02683,Beverages,348.41
I02684,R0104,Food_Item_02684,Beverages,685.39
I02685,R0197,Food_Item_02685,Desserts,473.98
I02686,R0111,Food_Item_02686,Desserts,402.53
I02687,R0388,Food_Item_02687,Desserts,833.37
I02688,R0070,Food_Item_02688,Burger,699.85
I02689,R0200,Food_Item_02689,Desserts,598.92
I02690,R0040,Food_Item_02690,Bengali,358.83
I02691,R0053,Food_Item_02691,Biryani,784.28
I02692,R0341,Food_Item_02692,Healthy,287.53
I02693,R0226,Food_Item_02693,Desserts,855.65
I02694,R0220,Food_Item_02694,Pizza,293.58
I02695,R0136,Food_Item_02695,Burger,752.47
I02696,R0075,Food_Item_02696,Desserts,829.65
I02697,R0439,Food_Item_02697,Burger,265.74
I02698,R0397,Food_Item_02698,Beverages,268.13
I02699,R0232,Food_Item_02699,South Indian,144.45
I02700,R0010,Food_Item_02700,Biryani,359.89
I02701,R0450,Food_Item_02701,Desserts,490.21
I02702,R0216,Food_Item_02702,Healthy,150.49
I02703,R0095,Food_Item_02703,Burger,199.99
I02704,R0064,Food_Item_02704,Healthy,426.17
I02705,R0499,Food_Item_02705,Desserts,227.71
I02706,R0014,Food_Item_02706,Desserts,714.26
I02707,R0186,Food_Item_02707,Chinese,344.41
I02708,R0276,Food_Item_02708,South Indian,118.0
I02709,R0147,Food_Item_02709,Pizza,206.71
I02710,R0078,Food_Item_02710,Bengali,331.94
I02711,R0323,Food_Item_02711,Beverages,199.55
I02712,R0035,Food_Item_02712,Bengali,256.75
I02713,R0488,Food_Item_02713,Beverages,249.41
I02714,R0240,Food_Item_02714,Pizza,423.32
I02715,R0368,Food_Item_02715,Bengali,509.74
I02716,R0422,Food_Item_02716,Burger,590.51
I02717,R0395,Food_Item_02717,Bengali,825.69
I02718,R0243,Food_Item_02718,Biryani,644.22
I02719,R0039,Food_Item_02719,Chinese,242.84
I02720,R0040,Food_Item_02720,Chinese,448.34
I02721,R0178,Food_Item_02721,South Indian,678.2
I02722,R0153,Food_Item_02722,Desserts,535.21
I02723,R0444,Food_Item_02723,Bengali,218.87
I02724,R0224,Food_Item_02724,Beverages,725.75
I02725,R0499,Food_Item_02725,Burger,241.25
I02726,R0141,Food_Item_02726,Chinese,362.34
I02727,R0484,Food_Item_02727,South Indian,681.6
I02728,R0169,Food_Item_02728,Bengali,874.87
I02729,R0500,Food_Item_02729,Beverages,810.11
I02730,R0251,Food_Item_02730,Bengali,875.25
I02731,R0010,Food_Item_02731,Healthy,405.33
I02732,R0472,Food_Item_02732,South Indian,437.4
I02733,R0103,Food_Item_02733,South Indian,213.55
I02734,R0403,Food_Item_02734,Desserts,467.55
I02735,R0410,Food_Item_02735,Pizza,719.95
I02736,R0103,Food_Item_02736,Pizza,136.52
I02737,R0285,Food_Item_02737,Chinese,341.59
I02738,R0393,Food_Item_02738,Biryani,838.97
I02739,R0474,Food_Item_02739,Chinese,229.7
I02740,R0198,Food_Item_02740,Chinese,323.64
I02741,R0206,Food_Item_02741,Bengali,846.75
I02742,R0408,Food_Item_02742,Healthy,362.73
I02743,R0246,Food_Item_02743,Bengali,761.35
I02744,R0309,Food_Item_02744,Healthy,315.42
I02745,R0058,Food_Item_02745,Bengali,290.75
I02746,R0340,Food_Item_02746,Bengali,233.41
I02747,R0167,Food_Item_02747,Beverages,131.39
I02748,R0182,Food_Item_02748,Bengali,420.6
I02749,R0451,Food_Item_02749,Healthy,665.0
I02750,R0357,Food_Item_02750,Bengali,494.38
I02751,R0279,Food_Item_02751,Chinese,414.01
I02752,R0283,Food_Item_02752,Chinese,247.64
I02753,R0428,Food_Item_02753,Bengali,640.48
I02754,R0310,Food_Item_02754,Burger,287.34
I02755,R0105,Food_Item_02755,Desserts,106.31
I02756,R0274,Food_Item_02756,Biryani,870.92
I02757,R0313,Food_Item_02757,Desserts,852.84
I02758,R0028,Food_Item_02758,Biryani,255.86
I02759,R0067,Food_Item_02759,Pizza,275.64
I02760,R0238,Food_Item_02760,Healthy,555.68
I02761,R0288,Food_Item_02761,Beverages,430.48
I02762,R0026,Food_Item_02762,Desserts,807.99
I02763,R0227,Food_Item_02763,Healthy,430.07
I02764,R0085,Food_Item_02764,Desserts,191.38
I02765,R0334,Food_Item_02765,Biryani,528.26
I02766,R0238,Food_Item_02766,Beverages,172.87
I02767,R0047,Food_Item_02767,Burger,446.71
I02768,R0204,Food_Item_02768,Bengali,553.37
I02769,R0466,Food_Item_02769,Healthy,855.18
I02770,R0024,Food_Item_02770,Desserts,320.55
I02771,R0203,Food_Item_02771,Biryani,612.53
I02772,R0069,Food_Item_02772,Beverages,80.15
I02773,R0452,Food_Item_02773,Beverages,794.58
I02774,R0233,Food_Item_02774,Pizza,340.02
I02775,R0314,Food_Item_02775,Healthy,277.47
I02776,R0484,Food_Item_02776,Pizza,164.05
I02777,R0026,Food_Item_02777,Biryani,723.9
I02778,R0244,Food_Item_02778,Bengali,126.39
I02779,R0034,Food_Item_02779,Desserts,586.66
I02780,R0387,Food_Item_02780,Biryani,338.74
I02781,R0294,Food_Item_02781,Pizza,663.14
I02782,R0222,Food_Item_02782,Bengali,871.96
I02783,R0146,Food_Item_02783,Biryani,305.39
I02784,R0096,Food_Item_02784,Beverages,588.17
I02785,R0457,Food_Item_02785,Burger,383.84
I02786,R0011,Food_Item_02786,Beverages,497.73
I02787,R0065,Food_Item_02787,Desserts,148.3
I02788,R0188,Food_Item_02788,Burger,247.58
I02789,R0196,Food_Item_02789,Beverages,731.27
I02790,R0460,Food_Item_02790,Pizza,362.85
I02791,R0156,Food_Item_02791,South Indian,80.83
I02792,R0163,Food_Item_02792,Healthy,343.1
I02793,R0118,Food_Item_02793,Healthy,629.14
I02794,R0185,Food_Item_02794,Healthy,876.7
I02795,R0135,Food_Item_02795,Pizza,780.38
I02796,R0347,Food_Item_02796,Burger,700.63
I02797,R0400,Food_Item_02797,Biryani,842.04
I02798,R0369,Food_Item_02798,Healthy,620.73
I02799,R0402,Food_Item_02799,Beverages,505.72
I02800,R0305,Food_Item_02800,Beverages,522.47
I02801,R0344,Food_Item_02801,Pizza,854.27
I02802,R0170,Food_Item_02802,Chinese,81.75
I02803,R0499,Food_Item_02803,Desserts,502.84
I02804,R0473,Food_Item_02804,Chinese,710.64
I02805,R0029,Food_Item_02805,Burger,111.25
I02806,R0177,Food_Item_02806,Healthy,755.01
I02807,R0347,Food_Item_02807,South Indian,772.06
I02808,R0147,Food_Item_02808,Desserts,509.35
I02809,R0257,Food_Item_02809,Desserts,759.6
I02810,R0422,Food_Item_02810,Bengali,196.96
I02811,R0443,Food_Item_02811,Desserts,853.31
I02812,R0468,Food_Item_02812,Healthy,120.05
I02813,R0325,Food_Item_02813,South Indian,110.55
I02814,R0479,Food_Item_02814,Beverages,509.7
I02815,R0325,Food_Item_02815,Biryani,682.9
I02816,R0267,Food_Item_02816,Biryani,654.05
I02817,R0101,Food_Item_02817,Chinese,531.17
I02818,R0435,Food_Item_02818,South Indian,722.57
I02819,R0129,Food_Item_02819,Burger,578.33
I02820,R0092,Food_Item_02820,Healthy,777.16
I02821,R0383,Food_Item_02821,Biryani,174.95
I02822,R0445,Food_Item_02822,Pizza,884.77
I02823,R0488,Food_Item_02823,Bengali,802.2
I02824,R0380,Food_Item_02824,Biryani,814.12
I02825,R0481,Food_Item_02825,Pizza,378.16
I02826,R0200,Food_Item_02826,Beverages,856.43
I02827,R0054,Food_Item_02827,Beverages,196.03
I02828,R0123,Food_Item_02828,Desserts,143.87
I02829,R0080,Food_Item_02829,Chinese,406.95
I02830,R0380,Food_Item_02830,Pizza,845.13
I02831,R0212,Food_Item_02831,Burger,873.65
I02832,R0216,Food_Item_02832,Pizza,484.69
I02833,R0461,Food_Item_02833,Burger,696.57
I02834,R0490,Food_Item_02834,Beverages,521.36
I02835,R0073,Food_Item_02835,Burger,173.03
I02836,R0428,Food_Item_02836,Pizza,615.57
I02837,R0320,Food_Item_02837,Burger,200.43
I02838,R0396,Food_Item_02838,Pizza,618.09
I02839,R0475,Food_Item_02839,Beverages,277.16
I02840,R0167,Food_Item_02840,Healthy,295.93
I02841,R0404,Food_Item_02841,Pizza,633.44
I02842,R0356,Food_Item_02842,Beverages,461.25
I02843,R0330,Food_Item_02843,Burger,760.79
I02844,R0378,Food_Item_02844,Chinese,637.83
I02845,R0385,Food_Item_02845,Healthy,321.9
I02846,R0205,Food_Item_02846,Bengali,717.24
I02847,R0464,Food_Item_02847,Beverages,133.04
I02848,R0048,Food_Item_02848,Chinese,682.56
I02849,R0094,Food_Item_02849,Bengali,396.02
I02850,R0368,Food_Item_02850,Burger,327.73
I02851,R0231,Food_Item_02851,Desserts,508.58
I02852,R0148,Food_Item_02852,Healthy,823.84
I02853,R0255,Food_Item_02853,Pizza,290.53
I02854,R0067,Food_Item_02854,South Indian,899.5
I02855,R0002,Food_Item_02855,Burger,562.88
I02856,R0022,Food_Item_02856,Bengali,286.73
I02857,R0447,Food_Item_02857,South Indian,646.71
I02858,R0164,Food_Item_02858,Chinese,683.02
I02859,R0453,Food_Item_02859,Chinese,515.84
I02860,R0255,Food_Item_02860,South Indian,187.08
I02861,R0153,Food_Item_02861,Pizza,748.39
I02862,R0020,Food_Item_02862,Burger,744.4
I02863,R0054,Food_Item_02863,Biryani,707.49
I02864,R0282,Food_Item_02864,Chinese,699.68
I02865,R0308,Food_Item_02865,Bengali,392.69
I02866,R0448,Food_Item_02866,Bengali,484.04
I02867,R0098,Food_Item_02867,Pizza,622.4
I02868,R0299,Food_Item_02868,Beverages,215.87
I02869,R0043,Food_Item_02869,Chinese,575.47
I02870,R0263,Food_Item_02870,Beverages,170.36
I02871,R0089,Food_Item_02871,Beverages,775.22
I02872,R0117,Food_Item_02872,Biryani,178.26
I02873,R0208,Food_Item_02873,Biryani,713.38
I02874,R0220,Food_Item_02874,South Indian,262.04
I02875,R0059,Food_Item_02875,Beverages,841.26
I02876,R0301,Food_Item_02876,Chinese,619.53
I02877,R0201,Food_Item_02877,Bengali,433.54
I02878,R0433,Food_Item_02878,Bengali,115.78
I02879,R0305,Food_Item_02879,Desserts,577.88
I02880,R0441,Food_Item_02880,Beverages,389.99
I02881,R0009,Food_Item_02881,Bengali,734.6
I02882,R0226,Food_Item_02882,Desserts,730.03
I02883,R0421,Food_Item_02883,Bengali,643.37
I02884,R0092,Food_Item_02884,Burger,299.61
I02885,R0111,Food_Item_02885,Bengali,221.82
I02886,R0354,Food_Item_02886,Desserts,487.59
I02887,R0009,Food_Item_02887,Healthy,450.93
I02888,R0476,Food_Item_02888,Biryani,631.81
I02889,R0472,Food_Item_02889,Chinese,516.91
I02890,R0479,Food_Item_02890,Pizza,485.84
I02891,R0390,Food_Item_02891,Pizza,474.25
I02892,R0498,Food_Item_02892,Burger,493.48
I02893,R0488,Food_Item_02893,Healthy,795.17
I02894,R0127,Food_Item_02894,Chinese,220.11
I02895,R0078,Food_Item_02895,Healthy,95.39
I02896,R0419,Food_Item_02896,South Indian,261.92
I02897,R0228,Food_Item_02897,Biryani,334.43
I02898,R0026,Food_Item_02898,Chinese,582.18
I02899,R0224,Food_Item_02899,Desserts,770.96
I02900,R0008,Food_Item_02900,Bengali,664.71
I02901,R0289,Food_Item_02901,Chinese,898.6
I02902,R0337,Food_Item_02902,Pizza,80.58
I02903,R0025,Food_Item_02903,Desserts,235.9
I02904,R0060,Food_Item_02904,South Indian,151.42
I02905,R0453,Food_Item_02905,Beverages,624.14
I02906,R0195,Food_Item_02906,Burger,430.11
I02907,R0026,Food_Item_02907,Pizza,335.26
I02908,R0007,Food_Item_02908,Chinese,336.38
I02909,R0200,Food_Item_02909,Burger,812.24
I02910,R0044,Food_Item_02910,South Indian,141.92
I02911,R0068,Food_Item_02911,South Indian,336.99
I02912,R0105,Food_Item_02912,Pizza,489.91
I02913,R0352,Food_Item_02913,South Indian,417.5
I02914,R0278,Food_Item_02914,Chinese,643.77
I02915,R0388,Food_Item_02915,South Indian,578.14
I02916,R0166,Food_Item_02916,Desserts,736.39
I02917,R0040,Food_Item_02917,South Indian,772.22
I02918,R0282,Food_Item_02918,Burger,407.95
I02919,R0484,Food_Item_02919,Healthy,790.18
I02920,R0325,Food_Item_02920,Desserts,598.38
I02921,R0123,Food_Item_02921,Healthy,785.51
I02922,R0002,Food_Item_02922,Burger,461.61
I02923,R0041,Food_Item_02923,Bengali,100.97
I02924,R0424,Food_Item_02924,Desserts,619.54
I02925,R0146,Food_Item_02925,Healthy,872.13
I02926,R0029,Food_Item_02926,Pizza,842.83
I02927,R0170,Food_Item_02927,Burger,204.67
I02928,R0437,Food_Item_02928,Healthy,481.43
I02929,R0212,Food_Item_02929,Bengali,795.7
I02930,R0489,Food_Item_02930,Pizza,421.56
I02931,R0252,Food_Item_02931,Pizza,504.89
I02932,R0452,Food_Item_02932,Healthy,898.03
I02933,R0101,Food_Item_02933,Healthy,475.77
I02934,R0272,Food_Item_02934,Burger,235.82
I02935,R0239,Food_Item_02935,South Indian,111.71
I02936,R0385,Food_Item_02936,Desserts,458.32
I02937,R0068,Food_Item_02937,South Indian,501.98
I02938,R0087,Food_Item_02938,Burger,834.35
I02939,R0112,Food_Item_02939,Desserts,729.43
I02940,R0469,Food_Item_02940,Biryani,131.55
I02941,R0449,Food_Item_02941,Pizza,749.79
I02942,R0012,Food_Item_02942,Biryani,137.02
I02943,R0211,Food_Item_02943,Healthy,91.52
I02944,R0276,Food_Item_02944,Pizza,528.51
I02945,R0446,Food_Item_02945,Beverages,514.43
I02946,R0231,Food_Item_02946,Chinese,339.48
I02947,R0386,Food_Item_02947,Biryani,457.66
I02948,R0399,Food_Item_02948,Bengali,834.71
I02949,R0257,Food_Item_02949,Burger,634.64
I02950,R0373,Food_Item_02950,South Indian,360.78
I02951,R0036,Food_Item_02951,Healthy,845.84
I02952,R0166,Food_Item_02952,Bengali,213.64
I02953,R0427,Food_Item_02953,Biryani,223.65
I02954,R0082,Food_Item_02954,Biryani,271.06
I02955,R0256,Food_Item_02955,Desserts,270.64
I02956,R0398,Food_Item_02956,Desserts,138.21
I02957,R0258,Food_Item_02957,South Indian,333.92
I02958,R0489,Food_Item_02958,Beverages,529.9
I02959,R0427,Food_Item_02959,Burger,262.68
I02960,R0049,Food_Item_02960,Burger,167.61
I02961,R0265,Food_Item_02961,Chinese,613.38
I02962,R0367,Food_Item_02962,Beverages,424.39
I02963,R0375,Food_Item_02963,Healthy,615.74
I02964,R0258,Food_Item_02964,Burger,283.39
I02965,R0201,Food_Item_02965,Bengali,699.99
I02966,R0156,Food_Item_02966,Chinese,877.67
I02967,R0178,Food_Item_02967,Beverages,294.21
I02968,R0008,Food_Item_02968,Beverages,604.28
I02969,R0430,Food_Item_02969,Pizza,707.35
I02970,R0363,Food_Item_02970,Desserts,525.49
I02971,R0144,Food_Item_02971,Biryani,318.73
I02972,R0067,Food_Item_02972,South Indian,255.83
I02973,R0262,Food_Item_02973,Burger,610.21
I02974,R0426,Food_Item_02974,Chinese,473.51
I02975,R0498,Food_Item_02975,Burger,766.58
I02976,R0133,Food_Item_02976,Bengali,153.27
I02977,R0220,Food_Item_02977,Beverages,106.83
I02978,R0297,Food_Item_02978,South Indian,384.1
I02979,R0298,Food_Item_02979,Beverages,468.98
I02980,R0143,Food_Item_02980,Healthy,604.45
I02981,R0408,Food_Item_02981,Burger,173.52
I02982,R0352,Food_Item_02982,Beverages,561.58
I02983,R0416,Food_Item_02983,Pizza,746.69
I02984,R0059,Food_Item_02984,Pizza,825.83
I02985,R0338,Food_Item_02985,Pizza,817.8
I02986,R0172,Food_Item_02986,Chinese,505.15
I02987,R0382,Food_Item_02987,Pizza,817.38
I02988,R0255,Food_Item_02988,Bengali,520.84
I02989,R0260,Food_Item_02989,Bengali,140.15
I02990,R0293,Food_Item_02990,Desserts,878.41
I02991,R0111,Food_Item_02991,Healthy,82.14
I02992,R0290,Food_Item_02992,Pizza,314.35
I02993,R0441,Food_Item_02993,Healthy,118.03
I02994,R0040,Food_Item_02994,Beverages,525.81
I02995,R0084,Food_Item_02995,Biryani,545.29
I02996,R0017,Food_Item_02996,Bengali,603.1
I02997,R0242,Food_Item_02997,Burger,195.1
I02998,R0119,Food_Item_02998,Biryani,94.29
I02999,R0296,Food_Item_02999,Desserts,297.86
I03000,R0019,Food_Item_03000,Biryani,122.23
I03001,R0054,Food_Item_03001,Pizza,108.93
I03002,R0111,Food_Item_03002,Desserts,296.44
I03003,R0329,Food_Item_03003,Biryani,899.04
I03004,R0030,Food_Item_03004,Desserts,738.78
I03005,R0264,Food_Item_03005,Biryani,376.64
I03006,R0264,Food_Item_03006,Burger,388.4
I03007,R0159,Food_Item_03007,Burger,842.47
I03008,R0053,Food_Item_03008,Pizza,622.82
I03009,R0357,Food_Item_03009,South Indian,766.31
I03010,R0208,Food_Item_03010,Pizza,788.85
I03011,R0299,Food_Item_03011,Pizza,218.82
I03012,R0385,Food_Item_03012,Chinese,93.21
I03013,R0007,Food_Item_03013,South Indian,299.97
I03014,R0387,Food_Item_03014,Bengali,567.42
I03015,R0044,Food_Item_03015,Biryani,825.0
I03016,R0282,Food_Item_03016,Pizza,333.06
I03017,R0046,Food_Item_03017,Biryani,777.11
I03018,R0016,Food_Item_03018,Beverages,622.99
I03019,R0207,Food_Item_03019,Bengali,616.7
I03020,R0269,Food_Item_03020,Burger,667.35
I03021,R0156,Food_Item_03021,South Indian,499.46
I03022,R0127,Food_Item_03022,Beverages,632.35
I03023,R0091,Food_Item_03023,Desserts,730.49
I03024,R0285,Food_Item_03024,Healthy,563.3
I03025,R0201,Food_Item_03025,Burger,112.16
I03026,R0455,Food_Item_03026,Pizza,498.69
I03027,R0218,Food_Item_03027,Desserts,569.52
I03028,R0300,Food_Item_03028,Healthy,797.79
I03029,R0479,Food_Item_03029,Pizza,84.29
I03030,R0471,Food_Item_03030,Desserts,119.83
I03031,R0250,Food_Item_03031,Bengali,381.71
I03032,R0105,Food_Item_03032,Beverages,738.43
I03033,R0198,Food_Item_03033,Pizza,477.14
I03034,R0135,Food_Item_03034,Chinese,330.31
I03035,R0244,Food_Item_03035,Bengali,648.47
I03036,R0075,Food_Item_03036,Beverages,493.58
I03037,R0202,Food_Item_03037,Beverages,550.45
I03038,R0040,Food_Item_03038,South Indian,431.23
I03039,R0487,Food_Item_03039,Chinese,674.54
I03040,R0006,Food_Item_03040,Pizza,92.78
I03041,R0445,Food_Item_03041,Chinese,81.38
I03042,R0464,Food_Item_03042,Healthy,639.92
I03043,R0480,Food_Item_03043,Burger,101.86
I03044,R0226,Food_Item_03044,Healthy,356.49
I03045,R0387,Food_Item_03045,Burger,380.39
I03046,R0470,Food_Item_03046,Pizza,583.32
I03047,R0419,Food_Item_03047,Desserts,713.39
I03048,R0433,Food_Item_03048,South Indian,753.89
I03049,R0245,Food_Item_03049,Desserts,309.73
I03050,R0372,Food_Item_03050,Healthy,213.09
I03051,R0106,Food_Item_03051,Pizza,884.26
I03052,R0459,Food_Item_03052,South Indian,115.87
I03053,R0238,Food_Item_03053,Burger,747.33
I03054,R0133,Food_Item_03054,South Indian,96.5
I03055,R0149,Food_Item_03055,Burger,477.8
I03056,R0429,Food_Item_03056,Pizza,606.02
I03057,R0096,Food_Item_03057,South Indian,471.73
I03058,R0340,Food_Item_03058,Chinese,543.06
I03059,R0139,Food_Item_03059,Desserts,100.8
I03060,R0300,Food_Item_03060,South Indian,206.46
I03061,R0269,Food_Item_03061,Bengali,533.7
I03062,R0310,Food_Item_03062,Desserts,758.72
I03063,R0114,Food_Item_03063,Biryani,529.71
I03064,R0454,Food_Item_03064,South Indian,489.58
I03065,R0443,Food_Item_03065,South Indian,890.31
I03066,R0465,Food_Item_03066,Bengali,399.66
I03067,R0249,Food_Item_03067,Biryani,396.09
I03068,R0089,Food_Item_03068,Biryani,140.7
I03069,R0278,Food_Item_03069,Beverages,722.21
I03070,R0041,Food_Item_03070,Desserts,135.53
I03071,R0353,Food_Item_03071,Chinese,191.65
I03072,R0137,Food_Item_03072,Biryani,126.54
I03073,R0099,Food_Item_03073,Burger,237.76
I03074,R0406,Food_Item_03074,Bengali,439.89
I03075,R0330,Food_Item_03075,Desserts,114.44
I03076,R0049,Food_Item_03076,Beverages,417.38
I03077,R0437,Food_Item_03077,South Indian,474.46
I03078,R0331,Food_Item_03078,Desserts,170.85
I03079,R0135,Food_Item_03079,Burger,125.21
I03080,R0200,Food_Item_03080,Pizza,337.8
I03081,R0229,Food_Item_03081,Chinese,613.44
I03082,R0457,Food_Item_03082,Beverages,577.86
I03083,R0277,Food_Item_03083,Beverages,183.82
I03084,R0411,Food_Item_03084,Biryani,155.37
I03085,R0016,Food_Item_03085,Pizza,233.25
I03086,R0254,Food_Item_03086,Biryani,796.97
I03087,R0043,Food_Item_03087,Desserts,843.96
I03088,R0191,Food_Item_03088,Beverages,507.72
I03089,R0276,Food_Item_03089,Healthy,819.86
I03090,R0418,Food_Item_03090,Pizza,187.75
I03091,R0139,Food_Item_03091,South Indian,618.93
I03092,R0123,Food_Item_03092,South Indian,611.98
I03093,R0426,Food_Item_03093,Healthy,448.45
I03094,R0272,Food_Item_03094,Healthy,684.99
I03095,R0364,Food_Item_03095,Beverages,469.49
I03096,R0466,Food_Item_03096,Pizza,782.31
I03097,R0024,Food_Item_03097,Chinese,191.4
I03098,R0302,Food_Item_03098,Beverages,94.2
I03099,R0038,Food_Item_03099,Bengali,390.06
I03100,R0466,Food_Item_03100,Bengali,185.46
I03101,R0221,Food_Item_03101,Biryani,226.89
I03102,R0222,Food_Item_03102,Chinese,119.16
I03103,R0096,Food_Item_03103,Healthy,433.1
I03104,R0315,Food_Item_03104,South Indian,684.53
I03105,R0272,Food_Item_03105,Beverages,536.47
I03106,R0471,Food_Item_03106,Chinese,372.48
I03107,R0002,Food_Item_03107,Beverages,89.6
I03108,R0369,Food_Item_03108,Beverages,497.43
I03109,R0479,Food_Item_03109,Bengali,348.72
I03110,R0453,Food_Item_03110,Beverages,275.88
I03111,R0313,Food_Item_03111,Biryani,450.27
I03112,R0417,Food_Item_03112,Chinese,219.46
I03113,R0021,Food_Item_03113,Biryani,343.73
I03114,R0039,Food_Item_03114,Desserts,839.46
I03115,R0350,Food_Item_03115,Burger,580.9
I03116,R0130,Food_Item_03116,South Indian,891.6
I03117,R0355,Food_Item_03117,Beverages,594.86
I03118,R0371,Food_Item_03118,Desserts,159.52
I03119,R0335,Food_Item_03119,Bengali,625.97
I03120,R0446,Food_Item_03120,Biryani,790.02
I03121,R0109,Food_Item_03121,Bengali,828.42
I03122,R0402,Food_Item_03122,Chinese,534.71
I03123,R0401,Food_Item_03123,Healthy,178.51
I03124,R0157,Food_Item_03124,Chinese,607.31
I03125,R0102,Food_Item_03125,Desserts,197.24
I03126,R0311,Food_Item_03126,Bengali,125.95
I03127,R0445,Food_Item_03127,Chinese,253.61
I03128,R0331,Food_Item_03128,Pizza,159.57
I03129,R0060,Food_Item_03129,Burger,445.23
I03130,R0219,Food_Item_03130,South Indian,854.01
I03131,R0198,Food_Item_03131,Beverages,621.52
I03132,R0294,Food_Item_03132,Healthy,649.47
I03133,R0293,Food_Item_03133,Burger,738.96
I03134,R0493,Food_Item_03134,Biryani,276.17
I03135,R0421,Food_Item_03135,Pizza,549.38
I03136,R0273,Food_Item_03136,South Indian,664.61
I03137,R0071,Food_Item_03137,Chinese,329.33
I03138,R0098,Food_Item_03138,Pizza,397.81
I03139,R0086,Food_Item_03139,Pizza,655.1
I03140,R0253,Food_Item_03140,Bengali,742.94
I03141,R0077,Food_Item_03141,Burger,376.54
I03142,R0088,Food_Item_03142,Burger,593.06
I03143,R0076,Food_Item_03143,Chinese,624.73
I03144,R0345,Food_Item_03144,Healthy,841.68
I03145,R0141,Food_Item_03145,Beverages,725.72
I03146,R0451,Food_Item_03146,Burger,239.51
I03147,R0247,Food_Item_03147,Desserts,593.03
I03148,R0338,Food_Item_03148,Healthy,865.34
I03149,R0265,Food_Item_03149,Burger,390.18
I03150,R0439,Food_Item_03150,Biryani,707.54
I03151,R0065,Food_Item_03151,Burger,522.15
I03152,R0364,Food_Item_03152,Beverages,439.0
I03153,R0290,Food_Item_03153,Biryani,547.62
I03154,R0219,Food_Item_03154,Burger,428.61
I03155,R0350,Food_Item_03155,Healthy,340.78
I03156,R0270,Food_Item_03156,Pizza,704.12
I03157,R0314,Food_Item_03157,South Indian,516.8
I03158,R0267,Food_Item_03158,Beverages,846.59
I03159,R0061,Food_Item_03159,Beverages,87.17
I03160,R0197,Food_Item_03160,Burger,710.87
I03161,R0486,Food_Item_03161,Burger,209.02
I03162,R0047,Food_Item_03162,Bengali,704.19
I03163,R0116,Food_Item_03163,Burger,793.59
I03164,R0351,Food_Item_03164,Desserts,722.93
I03165,R0075,Food_Item_03165,Desserts,566.95
I03166,R0024,Food_Item_03166,Chinese,180.62
I03167,R0383,Food_Item_03167,Chinese,867.52
I03168,R0103,Food_Item_03168,Biryani,347.61
I03169,R0111,Food_Item_03169,Desserts,103.15
I03170,R0227,Food_Item_03170,Healthy,81.54
I03171,R0423,Food_Item_03171,Beverages,685.67
I03172,R0494,Food_Item_03172,Bengali,763.07
I03173,R0132,Food_Item_03173,Desserts,738.49
I03174,R0154,Food_Item_03174,Healthy,538.41
I03175,R0259,Food_Item_03175,Pizza,598.14
I03176,R0398,Food_Item_03176,Desserts,823.58
I03177,R0035,Food_Item_03177,Biryani,624.17
I03178,R0210,Food_Item_03178,Desserts,367.98
I03179,R0052,Food_Item_03179,Pizza,859.33
I03180,R0111,Food_Item_03180,Bengali,871.78
I03181,R0314,Food_Item_03181,Biryani,594.87
I03182,R0014,Food_Item_03182,Biryani,544.2
I03183,R0432,Food_Item_03183,Bengali,848.22
I03184,R0045,Food_Item_03184,Beverages,718.02
I03185,R0412,Food_Item_03185,Biryani,177.35
I03186,R0209,Food_Item_03186,Beverages,865.7
I03187,R0282,Food_Item_03187,Desserts,673.98
I03188,R0201,Food_Item_03188,Desserts,685.99
I03189,R0185,Food_Item_03189,Burger,408.76
I03190,R0314,Food_Item_03190,Beverages,86.93
I03191,R0159,Food_Item_03191,Bengali,302.82
I03192,R0032,Food_Item_03192,Pizza,351.51
I03193,R0006,Food_Item_03193,Beverages,453.83
I03194,R0142,Food_Item_03194,Burger,655.09
I03195,R0110,Food_Item_03195,South Indian,449.5
I03196,R0012,Food_Item_03196,Pizza,385.15
I03197,R0050,Food_Item_03197,Chinese,283.46
I03198,R0436,Food_Item_03198,Bengali,710.17
I03199,R0249,Food_Item_03199,Healthy,725.75
I03200,R0199,Food_Item_03200,Chinese,377.83
I03201,R0459,Food_Item_03201,Bengali,258.4
I03202,R0293,Food_Item_03202,Biryani,260.44
I03203,R0064,Food_Item_03203,Burger,623.51
I03204,R0356,Food_Item_03204,Bengali,713.51
I03205,R0355,Food_Item_03205,Biryani,723.69
I03206,R0134,Food_Item_03206,Chinese,793.95
I03207,R0336,Food_Item_03207,Biryani,698.67
I03208,R0068,Food_Item_03208,South Indian,478.47
I03209,R0496,Food_Item_03209,Burger,299.24
I03210,R0291,Food_Item_03210,Burger,386.5
I03211,R0142,Food_Item_03211,South Indian,312.66
I03212,R0452,Food_Item_03212,Pizza,161.58
I03213,R0254,Food_Item_03213,Desserts,198.0
I03214,R0447,Food_Item_03214,South Indian,90.41
I03215,R0048,Food_Item_03215,Healthy,241.33
I03216,R0155,Food_Item_03216,Burger,764.87
I03217,R0216,Food_Item_03217,Biryani,520.44
I03218,R0134,Food_Item_03218,Chinese,399.34
I03219,R0260,Food_Item_03219,Biryani,274.66
I03220,R0177,Food_Item_03220,Chinese,563.69
I03221,R0443,Food_Item_03221,Desserts,878.18
I03222,R0123,Food_Item_03222,Healthy,365.33
I03223,R0095,Food_Item_03223,South Indian,774.96
I03224,R0483,Food_Item_03224,Pizza,850.12
I03225,R0357,Food_Item_03225,Chinese,725.28
I03226,R0018,Food_Item_03226,Burger,564.98
I03227,R0425,Food_Item_03227,Pizza,327.67
I03228,R0096,Food_Item_03228,Beverages,107.38
I03229,R0342,Food_Item_03229,Desserts,684.0
I03230,R0015,Food_Item_03230,Burger,863.89
I03231,R0130,Food_Item_03231,South Indian,645.14
I03232,R0427,Food_Item_03232,South Indian,109.7
I03233,R0013,Food_Item_03233,Chinese,194.35
I03234,R0236,Food_Item_03234,Desserts,402.22
I03235,R0200,Food_Item_03235,Desserts,891.22
I03236,R0115,Food_Item_03236,Biryani,149.61
I03237,R0060,Food_Item_03237,Burger,340.66
I03238,R0198,Food_Item_03238,Healthy,532.54
I03239,R0184,Food_Item_03239,Chinese,171.81
I03240,R0054,Food_Item_03240,South Indian,176.44
I03241,R0358,Food_Item_03241,Desserts,136.33
I03242,R0054,Food_Item_03242,Desserts,492.28
I03243,R0191,Food_Item_03243,Bengali,314.95
I03244,R0474,Food_Item_03244,Healthy,112.39
I03245,R0186,Food_Item_03245,Bengali,491.5
I03246,R0349,Food_Item_03246,Beverages,678.97
I03247,R0232,Food_Item_03247,South Indian,628.45
I03248,R0320,Food_Item_03248,Pizza,641.13
I03249,R0392,Food_Item_03249,Biryani,531.52
I03250,R0237,Food_Item_03250,South Indian,720.61
I03251,R0328,Food_Item_03251,Healthy,131.15
I03252,R0245,Food_Item_03252,Chinese,236.39
I03253,R0157,Food_Item_03253,Desserts,656.71
I03254,R0387,Food_Item_03254,South Indian,355.31
I03255,R0196,Food_Item_03255,Beverages,275.85
I03256,R0027,Food_Item_03256,Beverages,102.18
I03257,R0136,Food_Item_03257,Desserts,792.15
I03258,R0334,Food_Item_03258,Chinese,767.14
I03259,R0332,Food_Item_03259,Chinese,129.59
I03260,R0276,Food_Item_03260,South Indian,329.6
I03261,R0224,Food_Item_03261,Beverages,255.93
I03262,R0154,Food_Item_03262,Bengali,249.56
I03263,R0024,Food_Item_03263,Pizza,291.63
I03264,R0108,Food_Item_03264,Burger,323.57
I03265,R0498,Food_Item_03265,Burger,659.35
I03266,R0431,Food_Item_03266,Bengali,875.28
I03267,R0040,Food_Item_03267,Desserts,117.26
I03268,R0466,Food_Item_03268,Pizza,344.77
I03269,R0387,Food_Item_03269,Desserts,627.28
I03270,R0048,Food_Item_03270,Bengali,330.86
I03271,R0209,Food_Item_03271,Pizza,236.72
I03272,R0085,Food_Item_03272,Pizza,217.62
I03273,R0360,Food_Item_03273,Pizza,570.31
I03274,R0334,Food_Item_03274,Desserts,203.87
I03275,R0110,Food_Item_03275,Burger,159.17
I03276,R0388,Food_Item_03276,Pizza,694.75
I03277,R0146,Food_Item_03277,Chinese,361.88
I03278,R0246,Food_Item_03278,Bengali,813.52
I03279,R0057,Food_Item_03279,Chinese,487.04
I03280,R0464,Food_Item_03280,Bengali,188.06
I03281,R0093,Food_Item_03281,Chinese,238.06
I03282,R0437,Food_Item_03282,Chinese,802.8
I03283,R0424,Food_Item_03283,Bengali,182.96
I03284,R0064,Food_Item_03284,Bengali,338.73
I03285,R0056,Food_Item_03285,Desserts,328.8
I03286,R0072,Food_Item_03286,Beverages,889.93
I03287,R0420,Food_Item_03287,Burger,879.03
I03288,R0043,Food_Item_03288,Pizza,647.5
I03289,R0306,Food_Item_03289,Biryani,273.12
I03290,R0438,Food_Item_03290,Desserts,227.01
I03291,R0147,Food_Item_03291,Chinese,129.28
I03292,R0279,Food_Item_03292,Chinese,130.27
I03293,R0041,Food_Item_03293,Desserts,851.47
I03294,R0471,Food_Item_03294,Desserts,574.88
I03295,R0302,Food_Item_03295,Healthy,242.61
I03296,R0365,Food_Item_03296,Beverages,720.68
I03297,R0126,Food_Item_03297,Desserts,142.66
I03298,R0367,Food_Item_03298,Bengali,508.36
I03299,R0314,Food_Item_03299,Healthy,240.54
I03300,R0063,Food_Item_03300,Pizza,447.87
I03301,R0285,Food_Item_03301,Healthy,267.84
I03302,R0055,Food_Item_03302,Chinese,191.93
I03303,R0336,Food_Item_03303,Burger,840.02
I03304,R0466,Food_Item_03304,South Indian,834.34
I03305,R0431,Food_Item_03305,Healthy,484.5
I03306,R0242,Food_Item_03306,Pizza,724.68
I03307,R0443,Food_Item_03307,Pizza,245.44
I03308,R0497,Food_Item_03308,Bengali,405.51
I03309,R0228,Food_Item_03309,Desserts,264.94
I03310,R0162,Food_Item_03310,Desserts,148.69
I03311,R0094,Food_Item_03311,Healthy,427.58
I03312,R0311,Food_Item_03312,Desserts,690.82
I03313,R0192,Food_Item_03313,Beverages,690.74
I03314,R0287,Food_Item_03314,Pizza,443.58
I03315,R0475,Food_Item_03315,Chinese,445.98
I03316,R0035,Food_Item_03316,Desserts,574.38
I03317,R0147,Food_Item_03317,Beverages,845.15
I03318,R0260,Food_Item_03318,Chinese,203.05
I03319,R0362,Food_Item_03319,Bengali,412.03
I03320,R0463,Food_Item_03320,Pizza,822.66
I03321,R0436,Food_Item_03321,Beverages,529.94
I03322,R0227,Food_Item_03322,South Indian,730.18
I03323,R0277,Food_Item_03323,Biryani,459.36
I03324,R0237,Food_Item_03324,Bengali,835.26
I03325,R0053,Food_Item_03325,Burger,810.02
I03326,R0351,Food_Item_03326,South Indian,445.68
I03327,R0411,Food_Item_03327,Chinese,84.11
I03328,R0391,Food_Item_03328,Beverages,544.25
I03329,R0181,Food_Item_03329,Beverages,247.21
I03330,R0414,Food_Item_03330,Pizza,277.26
I03331,R0110,Food_Item_03331,Burger,432.39
I03332,R0226,Food_Item_03332,Chinese,448.99
I03333,R0126,Food_Item_03333,Beverages,785.74
I03334,R0223,Food_Item_03334,Burger,105.66
I03335,R0463,Food_Item_03335,Desserts,321.97
I03336,R0237,Food_Item_03336,Biryani,598.5
I03337,R0378,Food_Item_03337,Healthy,590.02
I03338,R0485,Food_Item_03338,Chinese,340.57
I03339,R0077,Food_Item_03339,Burger,225.91
I03340,R0465,Food_Item_03340,Desserts,307.15
I03341,R0057,Food_Item_03341,Bengali,811.71
I03342,R0312,Food_Item_03342,South Indian,295.55
I03343,R0226,Food_Item_03343,Healthy,483.24
I03344,R0143,Food_Item_03344,Chinese,852.7
I03345,R0320,Food_Item_03345,South Indian,177.1
I03346,R0451,Food_Item_03346,South Indian,794.0
I03347,R0035,Food_Item_03347,Pizza,689.57
I03348,R0086,Food_Item_03348,Burger,478.05
I03349,R0255,Food_Item_03349,Bengali,858.13
I03350,R0054,Food_Item_03350,Pizza,141.02
I03351,R0159,Food_Item_03351,Desserts,780.77
I03352,R0208,Food_Item_03352,Bengali,242.1
I03353,R0217,Food_Item_03353,Bengali,370.44
I03354,R0343,Food_Item_03354,Beverages,180.33
I03355,R0231,Food_Item_03355,South Indian,486.14
I03356,R0027,Food_Item_03356,Beverages,218.65
I03357,R0324,Food_Item_03357,Desserts,289.19
I03358,R0157,Food_Item_03358,Burger,128.89
I03359,R0005,Food_Item_03359,Burger,330.18
I03360,R0393,Food_Item_03360,Chinese,214.36
I03361,R0215,Food_Item_03361,Biryani,641.98
I03362,R0330,Food_Item_03362,South Indian,603.31
I03363,R0328,Food_Item_03363,Healthy,625.68
I03364,R0043,Food_Item_03364,Beverages,634.33
I03365,R0416,Food_Item_03365,Desserts,164.59
I03366,R0101,Food_Item_03366,Pizza,255.34
I03367,R0375,Food_Item_03367,Beverages,684.73
I03368,R0363,Food_Item_03368,Pizza,475.39
I03369,R0062,Food_Item_03369,Chinese,596.68
I03370,R0059,Food_Item_03370,Healthy,126.41
I03371,R0424,Food_Item_03371,Desserts,396.78
I03372,R0005,Food_Item_03372,Pizza,439.16
I03373,R0110,Food_Item_03373,South Indian,647.73
I03374,R0497,Food_Item_03374,Healthy,827.89
I03375,R0056,Food_Item_03375,South Indian,551.12
I03376,R0307,Food_Item_03376,Bengali,704.11
I03377,R0184,Food_Item_03377,Chinese,607.67
I03378,R0215,Food_Item_03378,South Indian,826.12
I03379,R0065,Food_Item_03379,South Indian,744.84
I03380,R0299,Food_Item_03380,Pizza,282.79
I03381,R0167,Food_Item_03381,Healthy,262.29
I03382,R0336,Food_Item_03382,Beverages,827.75
I03383,R0396,Food_Item_03383,Biryani,569.91
I03384,R0248,Food_Item_03384,Pizza,448.69
I03385,R0010,Food_Item_03385,Bengali,654.11
I03386,R0330,Food_Item_03386,Chinese,311.01
I03387,R0249,Food_Item_03387,Desserts,743.05
I03388,R0355,Food_Item_03388,Biryani,512.75
I03389,R0395,Food_Item_03389,Desserts,794.2
I03390,R0090,Food_Item_03390,Biryani,607.83
I03391,R0056,Food_Item_03391,Pizza,293.38
I03392,R0212,Food_Item_03392,Desserts,871.68
I03393,R0452,Food_Item_03393,Chinese,409.99
I03394,R0153,Food_Item_03394,Pizza,708.07
I03395,R0217,Food_Item_03395,Beverages,289.54
I03396,R0399,Food_Item_03396,Bengali,422.0
I03397,R0405,Food_Item_03397,Burger,685.39
I03398,R0385,Food_Item_03398,Desserts,650.93
I03399,R0470,Food_Item_03399,Pizza,849.97
I03400,R0406,Food_Item_03400,South Indian,734.21
I03401,R0080,Food_Item_03401,Pizza,345.83
I03402,R0219,Food_Item_03402,Bengali,787.9
I03403,R0390,Food_Item_03403,Burger,835.28
I03404,R0288,Food_Item_03404,Burger,862.36
I03405,R0073,Food_Item_03405,Burger,818.38
I03406,R0353,Food_Item_03406,Beverages,650.2
I03407,R0087,Food_Item_03407,Beverages,732.57
I03408,R0162,Food_Item_03408,Pizza,611.24
I03409,R0488,Food_Item_03409,Pizza,342.17
I03410,R0489,Food_Item_03410,Bengali,749.2
I03411,R0012,Food_Item_03411,Bengali,266.61
I03412,R0190,Food_Item_03412,Beverages,433.67
I03413,R0159,Food_Item_03413,Beverages,361.67
I03414,R0269,Food_Item_03414,Beverages,221.16
I03415,R0416,Food_Item_03415,Biryani,735.11
I03416,R0414,Food_Item_03416,Biryani,466.98
I03417,R0069,Food_Item_03417,Pizza,512.13
I03418,R0374,Food_Item_03418,Chinese,491.67
I03419,R0016,Food_Item_03419,Desserts,645.28
I03420,R0251,Food_Item_03420,Beverages,224.23
I03421,R0284,Food_Item_03421,Desserts,490.66
I03422,R0205,Food_Item_03422,Beverages,293.4
I03423,R0440,Food_Item_03423,Chinese,876.76
I03424,R0319,Food_Item_03424,Bengali,129.34
I03425,R0488,Food_Item_03425,Pizza,841.29
I03426,R0218,Food_Item_03426,Biryani,129.13
I03427,R0203,Food_Item_03427,Beverages,169.6
I03428,R0297,Food_Item_03428,Chinese,823.14
I03429,R0121,Food_Item_03429,Desserts,611.24
I03430,R0400,Food_Item_03430,Healthy,346.02
I03431,R0152,Food_Item_03431,Bengali,562.46
I03432,R0061,Food_Item_03432,Biryani,216.25
I03433,R0236,Food_Item_03433,Bengali,133.19
I03434,R0349,Food_Item_03434,Beverages,120.37
I03435,R0269,Food_Item_03435,Burger,301.42
I03436,R0027,Food_Item_03436,Chinese,227.11
I03437,R0009,Food_Item_03437,Bengali,410.72
I03438,R0368,Food_Item_03438,Desserts,798.87
I03439,R0499,Food_Item_03439,Pizza,390.42
I03440,R0105,Food_Item_03440,Biryani,406.82
I03441,R0483,Food_Item_03441,Bengali,179.03
I03442,R0247,Food_Item_03442,Biryani,890.74
I03443,R0071,Food_Item_03443,South Indian,199.1
I03444,R0134,Food_Item_03444,Burger,357.41
I03445,R0483,Food_Item_03445,Chinese,855.51
I03446,R0161,Food_Item_03446,Beverages,453.04
I03447,R0420,Food_Item_03447,Healthy,357.24
I03448,R0315,Food_Item_03448,Desserts,666.43
I03449,R0404,Food_Item_03449,Chinese,107.08
I03450,R0216,Food_Item_03450,Bengali,343.38
I03451,R0058,Food_Item_03451,Pizza,555.79
I03452,R0244,Food_Item_03452,Healthy,892.63
I03453,R0473,Food_Item_03453,Beverages,873.39
I03454,R0500,Food_Item_03454,Chinese,593.47
I03455,R0205,Food_Item_03455,Biryani,358.89
I03456,R0061,Food_Item_03456,Beverages,531.04
I03457,R0108,Food_Item_03457,Biryani,845.77
I03458,R0193,Food_Item_03458,Biryani,627.08
I03459,R0490,Food_Item_03459,Biryani,202.35
I03460,R0266,Food_Item_03460,Pizza,876.67
I03461,R0248,Food_Item_03461,Healthy,819.81
I03462,R0407,Food_Item_03462,South Indian,257.76
I03463,R0089,Food_Item_03463,Pizza,618.61
I03464,R0142,Food_Item_03464,Healthy,800.15
I03465,R0375,Food_Item_03465,Chinese,260.83
I03466,R0197,Food_Item_03466,Desserts,837.39
I03467,R0298,Food_Item_03467,South Indian,227.64
I03468,R0411,Food_Item_03468,Pizza,372.88
I03469,R0371,Food_Item_03469,Desserts,853.36
I03470,R0266,Food_Item_03470,Healthy,856.27
I03471,R0034,Food_Item_03471,Healthy,99.09
I03472,R0429,Food_Item_03472,Desserts,790.44
I03473,R0044,Food_Item_03473,Desserts,648.85
I03474,R0033,Food_Item_03474,Desserts,794.81
I03475,R0108,Food_Item_03475,Healthy,458.77
I03476,R0144,Food_Item_03476,South Indian,884.84
I03477,R0397,Food_Item_03477,Healthy,693.55
I03478,R0279,Food_Item_03478,Chinese,702.67
I03479,R0462,Food_Item_03479,Burger,430.09
I03480,R0061,Food_Item_03480,Biryani,401.7
I03481,R0489,Food_Item_03481,South Indian,248.56
I03482,R0241,Food_Item_03482,Bengali,127.76
I03483,R0300,Food_Item_03483,Chinese,819.2
I03484,R0009,Food_Item_03484,Pizza,564.37
I03485,R0365,Food_Item_03485,Chinese,537.65
I03486,R0253,Food_Item_03486,Bengali,357.18
I03487,R0375,Food_Item_03487,Pizza,686.55
I03488,R0461,Food_Item_03488,South Indian,413.64
I03489,R0110,Food_Item_03489,Chinese,743.64
I03490,R0475,Food_Item_03490,Bengali,145.46
I03491,R0242,Food_Item_03491,Biryani,282.89
I03492,R0160,Food_Item_03492,Beverages,312.4
I03493,R0354,Food_Item_03493,Chinese,99.13
I03494,R0002,Food_Item_03494,Chinese,624.02
I03495,R0342,Food_Item_03495,Biryani,655.33
I03496,R0457,Food_Item_03496,Chinese,418.98
I03497,R0105,Food_Item_03497,Chinese,732.27
I03498,R0284,Food_Item_03498,Biryani,862.06
I03499,R0393,Food_Item_03499,Bengali,684.1
I03500,R0291,Food_Item_03500,Burger,632.08
I03501,R0464,Food_Item_03501,Chinese,448.69
I03502,R0408,Food_Item_03502,Biryani,533.85
I03503,R0138,Food_Item_03503,Bengali,316.25
I03504,R0197,Food_Item_03504,Pizza,280.17
I03505,R0336,Food_Item_03505,Bengali,101.49
I03506,R0211,Food_Item_03506,Chinese,474.31
I03507,R0197,Food_Item_03507,Desserts,264.56
I03508,R0426,Food_Item_03508,Chinese,463.24
I03509,R0056,Food_Item_03509,Bengali,746.13
I03510,R0246,Food_Item_03510,Healthy,381.05
I03511,R0190,Food_Item_03511,Burger,343.96
I03512,R0368,Food_Item_03512,Pizza,446.4
I03513,R0492,Food_Item_03513,Bengali,486.3
I03514,R0453,Food_Item_03514,Pizza,303.59
I03515,R0177,Food_Item_03515,Pizza,571.93
I03516,R0197,Food_Item_03516,Desserts,103.78
I03517,R0062,Food_Item_03517,Desserts,478.62
I03518,R0445,Food_Item_03518,Biryani,612.2
I03519,R0152,Food_Item_03519,Bengali,462.34
I03520,R0164,Food_Item_03520,Bengali,882.18
I03521,R0189,Food_Item_03521,Burger,207.13
I03522,R0465,Food_Item_03522,Desserts,451.5
I03523,R0497,Food_Item_03523,Desserts,319.27
I03524,R0153,Food_Item_03524,Bengali,820.64
I03525,R0324,Food_Item_03525,Burger,227.28
I03526,R0118,Food_Item_03526,Burger,507.57
I03527,R0230,Food_Item_03527,South Indian,427.94
I03528,R0361,Food_Item_03528,Biryani,832.13
I03529,R0252,Food_Item_03529,Chinese,537.24
I03530,R0461,Food_Item_03530,Healthy,461.84
I03531,R0255,Food_Item_03531,Bengali,560.99
I03532,R0385,Food_Item_03532,Beverages,663.36
I03533,R0231,Food_Item_03533,Burger,106.23
I03534,R0371,Food_Item_03534,Desserts,282.35
I03535,R0412,Food_Item_03535,Desserts,273.29
I03536,R0487,Food_Item_03536,Pizza,420.78
I03537,R0169,Food_Item_03537,Pizza,552.62
I03538,R0279,Food_Item_03538,Chinese,831.03
I03539,R0355,Food_Item_03539,Bengali,543.93
I03540,R0444,Food_Item_03540,Desserts,228.79
I03541,R0051,Food_Item_03541,Healthy,511.2
I03542,R0019,Food_Item_03542,Biryani,431.43
I03543,R0043,Food_Item_03543,Bengali,609.5
I03544,R0067,Food_Item_03544,Healthy,602.2
I03545,R0138,Food_Item_03545,Pizza,621.32
I03546,R0136,Food_Item_03546,Healthy,897.78
I03547,R0052,Food_Item_03547,Beverages,102.64
I03548,R0474,Food_Item_03548,Pizza,705.04
I03549,R0406,Food_Item_03549,Pizza,780.97
I03550,R0099,Food_Item_03550,Pizza,281.02
I03551,R0199,Food_Item_03551,Biryani,701.06
I03552,R0192,Food_Item_03552,Chinese,166.09
I03553,R0424,Food_Item_03553,Chinese,524.88
I03554,R0018,Food_Item_03554,South Indian,344.36
I03555,R0429,Food_Item_03555,Beverages,266.96
I03556,R0040,Food_Item_03556,Chinese,610.68
I03557,R0264,Food_Item_03557,Pizza,410.15
I03558,R0292,Food_Item_03558,Desserts,216.17
I03559,R0105,Food_Item_03559,Bengali,577.41
I03560,R0049,Food_Item_03560,South Indian,495.59
I03561,R0215,Food_Item_03561,Bengali,114.64
I03562,R0450,Food_Item_03562,Pizza,753.02
I03563,R0283,Food_Item_03563,Beverages,889.13
I03564,R0443,Food_Item_03564,Burger,360.65
I03565,R0175,Food_Item_03565,Biryani,889.58
I03566,R0312,Food_Item_03566,Chinese,896.57
I03567,R0436,Food_Item_03567,Burger,460.78
I03568,R0199,Food_Item_03568,South Indian,834.95
I03569,R0492,Food_Item_03569,South Indian,721.47
I03570,R0444,Food_Item_03570,Healthy,764.28
I03571,R0299,Food_Item_03571,Chinese,180.46
I03572,R0244,Food_Item_03572,Biryani,719.86
I03573,R0084,Food_Item_03573,South Indian,273.96
I03574,R0096,Food_Item_03574,Beverages,692.93
I03575,R0441,Food_Item_03575,Burger,273.44
I03576,R0173,Food_Item_03576,Burger,722.82
I03577,R0462,Food_Item_03577,Pizza,812.88
I03578,R0182,Food_Item_03578,Desserts,491.43
I03579,R0128,Food_Item_03579,Pizza,435.25
I03580,R0290,Food_Item_03580,Burger,199.47
I03581,R0152,Food_Item_03581,Biryani,273.51
I03582,R0201,Food_Item_03582,Chinese,893.62
I03583,R0233,Food_Item_03583,Beverages,679.26
I03584,R0410,Food_Item_03584,Chinese,710.66
I03585,R0419,Food_Item_03585,Pizza,747.49
I03586,R0314,Food_Item_03586,Desserts,558.59
I03587,R0471,Food_Item_03587,Chinese,441.71
I03588,R0127,Food_Item_03588,Pizza,365.43
I03589,R0328,Food_Item_03589,Biryani,102.36
I03590,R0202,Food_Item_03590,Chinese,743.97
I03591,R0211,Food_Item_03591,Pizza,789.2
I03592,R0362,Food_Item_03592,South Indian,361.22
I03593,R0167,Food_Item_03593,Chinese,502.32
I03594,R0122,Food_Item_03594,Bengali,553.98
I03595,R0240,Food_Item_03595,Burger,619.12
I03596,R0046,Food_Item_03596,Biryani,612.91
I03597,R0282,Food_Item_03597,Pizza,241.31
I03598,R0356,Food_Item_03598,Biryani,643.07
I03599,R0077,Food_Item_03599,Burger,697.08
I03600,R0204,Food_Item_03600,Desserts,94.16
I03601,R0139,Food_Item_03601,South Indian,586.66
I03602,R0063,Food_Item_03602,Chinese,421.71
I03603,R0066,Food_Item_03603,Burger,805.81
I03604,R0240,Food_Item_03604,Pizza,853.86
I03605,R0274,Food_Item_03605,Pizza,558.67
I03606,R0281,Food_Item_03606,Burger,407.68
I03607,R0033,Food_Item_03607,South Indian,849.22
I03608,R0013,Food_Item_03608,Bengali,301.24
I03609,R0061,Food_Item_03609,Healthy,483.89
I03610,R0396,Food_Item_03610,Healthy,369.56
I03611,R0323,Food_Item_03611,Burger,205.98
I03612,R0246,Food_Item_03612,Desserts,813.32
I03613,R0016,Food_Item_03613,Pizza,285.4
I03614,R0013,Food_Item_03614,Beverages,732.18
I03615,R0197,Food_Item_03615,Healthy,697.62
I03616,R0431,Food_Item_03616,Bengali,626.81
I03617,R0056,Food_Item_03617,South Indian,169.37
I03618,R0293,Food_Item_03618,Chinese,408.53
I03619,R0287,Food_Item_03619,Beverages,840.03
I03620,R0482,Food_Item_03620,Healthy,380.05
I03621,R0149,Food_Item_03621,Desserts,96.66
I03622,R0141,Food_Item_03622,Biryani,674.96
I03623,R0302,Food_Item_03623,Beverages,643.83
I03624,R0207,Food_Item_03624,Beverages,555.72
I03625,R0086,Food_Item_03625,Chinese,377.55
I03626,R0332,Food_Item_03626,Burger,344.7
I03627,R0481,Food_Item_03627,Desserts,268.22
I03628,R0457,Food_Item_03628,Bengali,565.23
I03629,R0051,Food_Item_03629,Desserts,896.84
I03630,R0396,Food_Item_03630,Healthy,722.41
I03631,R0351,Food_Item_03631,Chinese,616.97
I03632,R0322,Food_Item_03632,Beverages,546.99
I03633,R0233,Food_Item_03633,South Indian,658.37
I03634,R0398,Food_Item_03634,Beverages,491.57
I03635,R0286,Food_Item_03635,Burger,774.89
I03636,R0048,Food_Item_03636,Beverages,557.14
I03637,R0065,Food_Item_03637,Desserts,282.91
I03638,R0363,Food_Item_03638,South Indian,541.91
I03639,R0203,Food_Item_03639,Healthy,281.23
I03640,R0290,Food_Item_03640,Chinese,519.25
I03641,R0403,Food_Item_03641,Desserts,739.77
I03642,R0138,Food_Item_03642,South Indian,676.6
I03643,R0447,Food_Item_03643,Pizza,301.69
I03644,R0120,Food_Item_03644,Burger,678.02
I03645,R0224,Food_Item_03645,Beverages,181.51
I03646,R0145,Food_Item_03646,South Indian,609.18
I03647,R0350,Food_Item_03647,Beverages,338.19
I03648,R0062,Food_Item_03648,Pizza,586.06
I03649,R0167,Food_Item_03649,Desserts,787.13
I03650,R0137,Food_Item_03650,Healthy,189.69
I03651,R0361,Food_Item_03651,Healthy,651.11
I03652,R0036,Food_Item_03652,Desserts,640.32
I03653,R0323,Food_Item_03653,South Indian,700.68
I03654,R0337,Food_Item_03654,Biryani,874.82
I03655,R0364,Food_Item_03655,Pizza,476.03
I03656,R0257,Food_Item_03656,Bengali,191.77
I03657,R0324,Food_Item_03657,Beverages,650.68
I03658,R0064,Food_Item_03658,Desserts,527.15
I03659,R0277,Food_Item_03659,Bengali,745.76
I03660,R0349,Food_Item_03660,Beverages,730.25
I03661,R0124,Food_Item_03661,Burger,681.16
I03662,R0090,Food_Item_03662,Burger,405.58
I03663,R0150,Food_Item_03663,Biryani,470.07
I03664,R0248,Food_Item_03664,Bengali,831.16
I03665,R0024,Food_Item_03665,Pizza,437.5
I03666,R0461,Food_Item_03666,Burger,561.01
I03667,R0327,Food_Item_03667,Biryani,640.48
I03668,R0381,Food_Item_03668,Beverages,174.9
I03669,R0425,Food_Item_03669,Pizza,710.92
I03670,R0293,Food_Item_03670,Beverages,92.26
I03671,R0386,Food_Item_03671,Burger,885.3
I03672,R0293,Food_Item_03672,Biryani,546.09
I03673,R0386,Food_Item_03673,Healthy,217.81
I03674,R0033,Food_Item_03674,Burger,723.04
I03675,R0413,Food_Item_03675,Desserts,772.51
I03676,R0214,Food_Item_03676,Biryani,247.91
I03677,R0239,Food_Item_03677,Pizza,113.83
I03678,R0154,Food_Item_03678,Chinese,510.09
I03679,R0201,Food_Item_03679,Desserts,605.26
I03680,R0238,Food_Item_03680,Biryani,217.98
I03681,R0186,Food_Item_03681,Bengali,540.52
I03682,R0476,Food_Item_03682,Beverages,511.64
I03683,R0256,Food_Item_03683,Biryani,788.15
I03684,R0394,Food_Item_03684,Chinese,748.98
I03685,R0479,Food_Item_03685,Healthy,188.2
I03686,R0305,Food_Item_03686,South Indian,659.76
I03687,R0169,Food_Item_03687,Desserts,492.35
I03688,R0353,Food_Item_03688,Desserts,462.33
I03689,R0006,Food_Item_03689,Chinese,213.12
I03690,R0366,Food_Item_03690,Desserts,693.07
I03691,R0005,Food_Item_03691,Healthy,792.06
I03692,R0229,Food_Item_03692,Burger,248.52
I03693,R0139,Food_Item_03693,Biryani,104.11
I03694,R0434,Food_Item_03694,Beverages,579.5
I03695,R0323,Food_Item_03695,Burger,884.65
I03696,R0309,Food_Item_03696,Bengali,636.63
I03697,R0328,Food_Item_03697,Pizza,287.22
I03698,R0370,Food_Item_03698,Pizza,795.64
I03699,R0080,Food_Item_03699,Desserts,521.21
I03700,R0006,Food_Item_03700,Biryani,498.0
I03701,R0467,Food_Item_03701,South Indian,126.97
I03702,R0269,Food_Item_03702,Desserts,129.75
I03703,R0335,Food_Item_03703,South Indian,555.03
I03704,R0183,Food_Item_03704,Pizza,741.49
I03705,R0425,Food_Item_03705,Bengali,697.6
I03706,R0028,Food_Item_03706,Pizza,851.43
I03707,R0221,Food_Item_03707,Bengali,492.26
I03708,R0324,Food_Item_03708,Chinese,588.99
I03709,R0232,Food_Item_03709,South Indian,594.3
I03710,R0465,Food_Item_03710,Healthy,391.76
I03711,R0005,Food_Item_03711,Beverages,82.33
I03712,R0367,Food_Item_03712,Desserts,767.9
I03713,R0441,Food_Item_03713,South Indian,135.02
I03714,R0040,Food_Item_03714,Beverages,866.6
I03715,R0321,Food_Item_03715,Biryani,771.96
I03716,R0029,Food_Item_03716,Burger,165.1
I03717,R0313,Food_Item_03717,South Indian,180.06
I03718,R0173,Food_Item_03718,Beverages,684.44
I03719,R0416,Food_Item_03719,Chinese,525.81
I03720,R0120,Food_Item_03720,Chinese,612.11
I03721,R0187,Food_Item_03721,Healthy,317.76
I03722,R0014,Food_Item_03722,Healthy,804.63
I03723,R0368,Food_Item_03723,Biryani,525.24
I03724,R0021,Food_Item_03724,Bengali,543.68
I03725,R0336,Food_Item_03725,Desserts,892.28
I03726,R0173,Food_Item_03726,Bengali,712.67
I03727,R0471,Food_Item_03727,Healthy,644.82
I03728,R0067,Food_Item_03728,Healthy,790.65
I03729,R0319,Food_Item_03729,Burger,892.58
I03730,R0098,Food_Item_03730,Healthy,746.28
I03731,R0023,Food_Item_03731,Chinese,741.24
I03732,R0435,Food_Item_03732,Biryani,236.9
I03733,R0442,Food_Item_03733,Chinese,796.14
I03734,R0497,Food_Item_03734,Burger,802.59
I03735,R0094,Food_Item_03735,Healthy,569.58
I03736,R0403,Food_Item_03736,Bengali,613.51
I03737,R0246,Food_Item_03737,Burger,591.49
I03738,R0117,Food_Item_03738,Biryani,526.86
I03739,R0197,Food_Item_03739,Chinese,230.37
I03740,R0088,Food_Item_03740,Burger,619.32
I03741,R0309,Food_Item_03741,South Indian,391.11
I03742,R0290,Food_Item_03742,Pizza,519.93
I03743,R0086,Food_Item_03743,South Indian,818.91
I03744,R0392,Food_Item_03744,South Indian,169.52
I03745,R0283,Food_Item_03745,Desserts,863.47
I03746,R0329,Food_Item_03746,Bengali,545.92
I03747,R0068,Food_Item_03747,Desserts,858.85
I03748,R0402,Food_Item_03748,Pizza,244.53
I03749,R0183,Food_Item_03749,Pizza,124.52
I03750,R0244,Food_Item_03750,South Indian,589.23
I03751,R0079,Food_Item_03751,Healthy,512.03
I03752,R0494,Food_Item_03752,Chinese,682.61
I03753,R0259,Food_Item_03753,Desserts,573.19
I03754,R0394,Food_Item_03754,Healthy,501.72
I03755,R0306,Food_Item_03755,Biryani,820.09
I03756,R0026,Food_Item_03756,Biryani,345.19
I03757,R0349,Food_Item_03757,Bengali,302.67
I03758,R0183,Food_Item_03758,Beverages,739.27
I03759,R0300,Food_Item_03759,Desserts,368.34
I03760,R0280,Food_Item_03760,Healthy,541.72
I03761,R0393,Food_Item_03761,Biryani,583.52
I03762,R0113,Food_Item_03762,South Indian,321.46
I03763,R0485,Food_Item_03763,Desserts,371.71
I03764,R0202,Food_Item_03764,Desserts,113.37
I03765,R0360,Food_Item_03765,Biryani,309.22
I03766,R0315,Food_Item_03766,Pizza,347.4
I03767,R0283,Food_Item_03767,Healthy,93.78
I03768,R0277,Food_Item_03768,Chinese,754.99
I03769,R0306,Food_Item_03769,Pizza,805.99
I03770,R0431,Food_Item_03770,Pizza,225.37
I03771,R0139,Food_Item_03771,Pizza,576.46
I03772,R0132,Food_Item_03772,Bengali,442.41
I03773,R0495,Food_Item_03773,South Indian,184.81
I03774,R0461,Food_Item_03774,Healthy,100.47
I03775,R0198,Food_Item_03775,South Indian,624.11
I03776,R0162,Food_Item_03776,Biryani,145.35
I03777,R0374,Food_Item_03777,South Indian,810.64
I03778,R0461,Food_Item_03778,South Indian,727.52
I03779,R0475,Food_Item_03779,Burger,673.92
I03780,R0125,Food_Item_03780,Desserts,771.06
I03781,R0107,Food_Item_03781,Healthy,167.43
I03782,R0254,Food_Item_03782,Chinese,594.06
I03783,R0090,Food_Item_03783,Desserts,249.24
I03784,R0467,Food_Item_03784,South Indian,506.2
I03785,R0177,Food_Item_03785,Desserts,374.01
I03786,R0139,Food_Item_03786,South Indian,180.36
I03787,R0487,Food_Item_03787,Burger,682.32
I03788,R0425,Food_Item_03788,Bengali,327.53
I03789,R0471,Food_Item_03789,Chinese,180.78
I03790,R0251,Food_Item_03790,Biryani,801.12
I03791,R0397,Food_Item_03791,Desserts,190.4
I03792,R0210,Food_Item_03792,South Indian,248.44
I03793,R0036,Food_Item_03793,Bengali,99.45
I03794,R0332,Food_Item_03794,South Indian,505.23
I03795,R0040,Food_Item_03795,Beverages,756.76
I03796,R0100,Food_Item_03796,Pizza,778.01
I03797,R0149,Food_Item_03797,Biryani,689.9
I03798,R0330,Food_Item_03798,South Indian,466.5
I03799,R0389,Food_Item_03799,Beverages,809.35
I03800,R0089,Food_Item_03800,South Indian,709.05
I03801,R0368,Food_Item_03801,Chinese,809.18
I03802,R0356,Food_Item_03802,Bengali,276.36
I03803,R0299,Food_Item_03803,Chinese,573.05
I03804,R0306,Food_Item_03804,Bengali,97.7
I03805,R0201,Food_Item_03805,Healthy,507.62
I03806,R0070,Food_Item_03806,Chinese,799.05
I03807,R0067,Food_Item_03807,South Indian,685.54
I03808,R0051,Food_Item_03808,Beverages,716.46
I03809,R0240,Food_Item_03809,Desserts,340.01
I03810,R0304,Food_Item_03810,Chinese,406.49
I03811,R0072,Food_Item_03811,South Indian,888.73
I03812,R0061,Food_Item_03812,South Indian,299.17
I03813,R0348,Food_Item_03813,Chinese,150.72
I03814,R0313,Food_Item_03814,Chinese,398.99
I03815,R0467,Food_Item_03815,Biryani,709.13
I03816,R0500,Food_Item_03816,South Indian,509.36
I03817,R0494,Food_Item_03817,Burger,115.84
I03818,R0062,Food_Item_03818,Beverages,625.07
I03819,R0183,Food_Item_03819,Bengali,683.2
I03820,R0237,Food_Item_03820,Desserts,574.28
I03821,R0370,Food_Item_03821,Burger,220.5
I03822,R0463,Food_Item_03822,Biryani,236.66
I03823,R0417,Food_Item_03823,Chinese,414.02
I03824,R0469,Food_Item_03824,South Indian,373.73
I03825,R0010,Food_Item_03825,Chinese,163.54
I03826,R0015,Food_Item_03826,Pizza,784.66
I03827,R0206,Food_Item_03827,Pizza,838.19
I03828,R0405,Food_Item_03828,Desserts,197.93
I03829,R0164,Food_Item_03829,Healthy,541.12
I03830,R0120,Food_Item_03830,Healthy,432.42
I03831,R0120,Food_Item_03831,South Indian,415.39
I03832,R0374,Food_Item_03832,Bengali,555.87
I03833,R0394,Food_Item_03833,Bengali,453.03
I03834,R0178,Food_Item_03834,Chinese,450.23
I03835,R0029,Food_Item_03835,Burger,197.78
I03836,R0113,Food_Item_03836,Biryani,662.72
I03837,R0145,Food_Item_03837,Biryani,555.54
I03838,R0236,Food_Item_03838,Burger,125.92
I03839,R0192,Food_Item_03839,Chinese,387.86
I03840,R0088,Food_Item_03840,South Indian,258.58
I03841,R0494,Food_Item_03841,Healthy,399.77
I03842,R0213,Food_Item_03842,Beverages,177.46
I03843,R0111,Food_Item_03843,Pizza,580.65
I03844,R0198,Food_Item_03844,South Indian,556.85
I03845,R0373,Food_Item_03845,Bengali,566.08
I03846,R0482,Food_Item_03846,Healthy,380.21
I03847,R0223,Food_Item_03847,Chinese,672.07
I03848,R0272,Food_Item_03848,Chinese,770.97
I03849,R0151,Food_Item_03849,Desserts,421.4
I03850,R0349,Food_Item_03850,Biryani,435.1
I03851,R0344,Food_Item_03851,Biryani,816.73
I03852,R0088,Food_Item_03852,Bengali,576.24
I03853,R0275,Food_Item_03853,Burger,497.94
I03854,R0499,Food_Item_03854,Pizza,684.46
I03855,R0118,Food_Item_03855,Beverages,334.32
I03856,R0249,Food_Item_03856,Burger,106.86
I03857,R0336,Food_Item_03857,Biryani,655.58
I03858,R0038,Food_Item_03858,Biryani,609.77
I03859,R0261,Food_Item_03859,Healthy,431.4
I03860,R0305,Food_Item_03860,South Indian,117.59
I03861,R0273,Food_Item_03861,Biryani,850.86
I03862,R0160,Food_Item_03862,Burger,679.23
I03863,R0403,Food_Item_03863,Burger,396.15
I03864,R0147,Food_Item_03864,Healthy,244.86
I03865,R0256,Food_Item_03865,South Indian,535.38
I03866,R0159,Food_Item_03866,Beverages,97.43
I03867,R0427,Food_Item_03867,South Indian,454.91
I03868,R0226,Food_Item_03868,Desserts,890.48
I03869,R0193,Food_Item_03869,Biryani,686.14
I03870,R0144,Food_Item_03870,Chinese,887.64
I03871,R0269,Food_Item_03871,South Indian,404.73
I03872,R0390,Food_Item_03872,Biryani,151.44
I03873,R0312,Food_Item_03873,Burger,871.39
I03874,R0090,Food_Item_03874,Desserts,789.5
I03875,R0010,Food_Item_03875,Desserts,541.28
I03876,R0071,Food_Item_03876,Biryani,268.47
I03877,R0446,Food_Item_03877,Burger,685.77
I03878,R0053,Food_Item_03878,Chinese,95.77
I03879,R0089,Food_Item_03879,Burger,829.83
I03880,R0206,Food_Item_03880,Biryani,651.69
I03881,R0094,Food_Item_03881,Biryani,224.15
I03882,R0057,Food_Item_03882,Bengali,214.92
I03883,R0094,Food_Item_03883,Chinese,127.54
I03884,R0013,Food_Item_03884,Bengali,711.8
I03885,R0258,Food_Item_03885,Desserts,184.84
I03886,R0148,Food_Item_03886,South Indian,506.46
I03887,R0145,Food_Item_03887,Bengali,373.71
I03888,R0491,Food_Item_03888,Desserts,530.24
I03889,R0459,Food_Item_03889,Pizza,649.74
I03890,R0006,Food_Item_03890,Burger,252.17
I03891,R0454,Food_Item_03891,Desserts,244.41
I03892,R0032,Food_Item_03892,Burger,356.83
I03893,R0294,Food_Item_03893,Beverages,846.86
I03894,R0292,Food_Item_03894,Chinese,444.11
I03895,R0310,Food_Item_03895,Biryani,290.71
I03896,R0249,Food_Item_03896,Desserts,506.03
I03897,R0334,Food_Item_03897,Chinese,227.9
I03898,R0053,Food_Item_03898,Pizza,707.46
I03899,R0225,Food_Item_03899,Pizza,341.8
I03900,R0448,Food_Item_03900,Beverages,885.76
I03901,R0281,Food_Item_03901,South Indian,596.51
I03902,R0338,Food_Item_03902,Burger,581.48
I03903,R0034,Food_Item_03903,South Indian,318.23
I03904,R0248,Food_Item_03904,Pizza,226.29
I03905,R0050,Food_Item_03905,Chinese,143.77
I03906,R0272,Food_Item_03906,Bengali,781.65
I03907,R0172,Food_Item_03907,Healthy,883.29
I03908,R0399,Food_Item_03908,Burger,256.51
I03909,R0393,Food_Item_03909,Beverages,894.61
I03910,R0050,Food_Item_03910,Chinese,585.05
I03911,R0187,Food_Item_03911,Healthy,725.1
I03912,R0467,Food_Item_03912,Biryani,890.45
I03913,R0008,Food_Item_03913,Pizza,879.72
I03914,R0057,Food_Item_03914,South Indian,545.79
I03915,R0468,Food_Item_03915,Beverages,512.2
I03916,R0230,Food_Item_03916,Burger,634.12
I03917,R0310,Food_Item_03917,Pizza,260.22
I03918,R0124,Food_Item_03918,Pizza,398.82
I03919,R0209,Food_Item_03919,Burger,758.62
I03920,R0333,Food_Item_03920,Chinese,170.03
I03921,R0156,Food_Item_03921,Bengali,456.42
I03922,R0420,Food_Item_03922,Desserts,338.87
I03923,R0463,Food_Item_03923,Pizza,557.65
I03924,R0309,Food_Item_03924,Desserts,235.3
I03925,R0132,Food_Item_03925,Healthy,841.01
I03926,R0112,Food_Item_03926,Chinese,729.19
I03927,R0012,Food_Item_03927,Pizza,146.64
I03928,R0390,Food_Item_03928,Healthy,347.21
I03929,R0449,Food_Item_03929,Healthy,115.42
I03930,R0472,Food_Item_03930,Pizza,181.02
I03931,R0489,Food_Item_03931,Beverages,427.39
I03932,R0081,Food_Item_03932,Beverages,350.15
I03933,R0350,Food_Item_03933,Burger,506.91
I03934,R0127,Food_Item_03934,Healthy,318.53
I03935,R0088,Food_Item_03935,Pizza,352.39
I03936,R0265,Food_Item_03936,Bengali,865.71
I03937,R0339,Food_Item_03937,Desserts,797.42
I03938,R0370,Food_Item_03938,Biryani,90.97
I03939,R0246,Food_Item_03939,Healthy,573.87
I03940,R0064,Food_Item_03940,Healthy,196.57
I03941,R0035,Food_Item_03941,Chinese,727.34
I03942,R0026,Food_Item_03942,Chinese,765.48
I03943,R0384,Food_Item_03943,Chinese,621.51
I03944,R0284,Food_Item_03944,Pizza,632.0
I03945,R0172,Food_Item_03945,Beverages,778.18
I03946,R0399,Food_Item_03946,Healthy,163.51
I03947,R0179,Food_Item_03947,Bengali,660.29
I03948,R0149,Food_Item_03948,Chinese,178.35
I03949,R0404,Food_Item_03949,Desserts,114.69
I03950,R0292,Food_Item_03950,South Indian,603.65
I03951,R0339,Food_Item_03951,Desserts,303.11
I03952,R0402,Food_Item_03952,Bengali,117.62
I03953,R0157,Food_Item_03953,Pizza,131.76
I03954,R0015,Food_Item_03954,Healthy,883.35
I03955,R0332,Food_Item_03955,Chinese,262.94
I03956,R0169,Food_Item_03956,South Indian,414.42
I03957,R0486,Food_Item_03957,Bengali,298.55
I03958,R0152,Food_Item_03958,Beverages,846.97
I03959,R0399,Food_Item_03959,Chinese,140.53
I03960,R0362,Food_Item_03960,Pizza,525.43
I03961,R0354,Food_Item_03961,Biryani,471.79
I03962,R0334,Food_Item_03962,Bengali,647.53
I03963,R0038,Food_Item_03963,Chinese,816.62
I03964,R0414,Food_Item_03964,South Indian,80.33
I03965,R0135,Food_Item_03965,Beverages,93.58
I03966,R0275,Food_Item_03966,Burger,389.37
I03967,R0129,Food_Item_03967,Bengali,409.33
I03968,R0114,Food_Item_03968,Pizza,810.19
I03969,R0191,Food_Item_03969,Desserts,308.67
I03970,R0217,Food_Item_03970,Biryani,775.63
I03971,R0455,Food_Item_03971,Pizza,153.2
I03972,R0199,Food_Item_03972,Burger,143.47
I03973,R0474,Food_Item_03973,Pizza,691.0
I03974,R0334,Food_Item_03974,Desserts,705.37
I03975,R0319,Food_Item_03975,Chinese,157.48
I03976,R0477,Food_Item_03976,Burger,894.3
I03977,R0497,Food_Item_03977,Burger,145.98
I03978,R0229,Food_Item_03978,Desserts,805.03
I03979,R0199,Food_Item_03979,South Indian,239.02
I03980,R0320,Food_Item_03980,Beverages,98.03
I03981,R0103,Food_Item_03981,South Indian,780.93
I03982,R0089,Food_Item_03982,Desserts,231.15
I03983,R0157,Food_Item_03983,Healthy,514.12
I03984,R0288,Food_Item_03984,Beverages,757.98
I03985,R0500,Food_Item_03985,Desserts,206.87
I03986,R0365,Food_Item_03986,Bengali,687.67
I03987,R0154,Food_Item_03987,Beverages,515.86
I03988,R0382,Food_Item_03988,Healthy,289.81
I03989,R0258,Food_Item_03989,Pizza,114.08
I03990,R0487,Food_Item_03990,Desserts,295.61
I03991,R0307,Food_Item_03991,Biryani,428.3
I03992,R0494,Food_Item_03992,Burger,381.7
I03993,R0389,Food_Item_03993,Beverages,667.86
I03994,R0258,Food_Item_03994,Desserts,416.06
I03995,R0392,Food_Item_03995,Bengali,391.88
I03996,R0431,Food_Item_03996,Desserts,746.04
I03997,R0105,Food_Item_03997,Pizza,460.42
I03998,R0369,Food_Item_03998,Desserts,888.1
I03999,R0496,Food_Item_03999,Biryani,551.06
I04000,R0263,Food_Item_04000,Burger,848.51
I04001,R0227,Food_Item_04001,Biryani,803.4
I04002,R0016,Food_Item_04002,South Indian,419.51
I04003,R0370,Food_Item_04003,Beverages,582.39
I04004,R0489,Food_Item_04004,Beverages,195.46
I04005,R0308,Food_Item_04005,Biryani,512.16
I04006,R0483,Food_Item_04006,Healthy,427.66
I04007,R0068,Food_Item_04007,Pizza,476.67
I04008,R0260,Food_Item_04008,Chinese,231.1
I04009,R0388,Food_Item_04009,Burger,790.3
I04010,R0173,Food_Item_04010,South Indian,145.58
I04011,R0419,Food_Item_04011,Biryani,720.58
I04012,R0056,Food_Item_04012,Burger,854.18
I04013,R0431,Food_Item_04013,Burger,167.2
I04014,R0028,Food_Item_04014,Desserts,435.62
I04015,R0046,Food_Item_04015,Beverages,559.66
I04016,R0402,Food_Item_04016,Biryani,892.89
I04017,R0485,Food_Item_04017,Chinese,789.61
I04018,R0205,Food_Item_04018,Healthy,419.67
I04019,R0111,Food_Item_04019,Healthy,873.69
I04020,R0282,Food_Item_04020,South Indian,351.64
I04021,R0143,Food_Item_04021,Desserts,358.79
I04022,R0151,Food_Item_04022,Burger,495.13
I04023,R0001,Food_Item_04023,Beverages,719.25
I04024,R0307,Food_Item_04024,Biryani,237.58
I04025,R0080,Food_Item_04025,South Indian,688.82
I04026,R0380,Food_Item_04026,Bengali,82.21
I04027,R0105,Food_Item_04027,Pizza,295.23
I04028,R0447,Food_Item_04028,Bengali,879.06
I04029,R0343,Food_Item_04029,Healthy,618.3
I04030,R0249,Food_Item_04030,Desserts,459.3
I04031,R0212,Food_Item_04031,Pizza,680.05
I04032,R0151,Food_Item_04032,South Indian,436.91
I04033,R0035,Food_Item_04033,Desserts,167.48
I04034,R0039,Food_Item_04034,South Indian,488.01
I04035,R0285,Food_Item_04035,Pizza,863.43
I04036,R0428,Food_Item_04036,Burger,303.53
I04037,R0347,Food_Item_04037,South Indian,123.36
I04038,R0427,Food_Item_04038,Pizza,687.9
I04039,R0370,Food_Item_04039,Chinese,452.61
I04040,R0177,Food_Item_04040,Burger,354.46
I04041,R0468,Food_Item_04041,Pizza,479.78
I04042,R0104,Food_Item_04042,Chinese,842.6
I04043,R0137,Food_Item_04043,Biryani,285.2
I04044,R0337,Food_Item_04044,Desserts,244.43
I04045,R0019,Food_Item_04045,Biryani,517.81
I04046,R0379,Food_Item_04046,Pizza,459.91
I04047,R0152,Food_Item_04047,Burger,202.83
I04048,R0361,Food_Item_04048,Bengali,556.14
I04049,R0370,Food_Item_04049,South Indian,551.08
I04050,R0036,Food_Item_04050,Biryani,576.45
I04051,R0165,Food_Item_04051,Chinese,419.12
I04052,R0493,Food_Item_04052,Biryani,317.84
I04053,R0466,Food_Item_04053,Chinese,349.23
I04054,R0273,Food_Item_04054,Burger,764.17
I04055,R0214,Food_Item_04055,Healthy,592.58
I04056,R0305,Food_Item_04056,Chinese,406.38
I04057,R0366,Food_Item_04057,Bengali,582.88
I04058,R0023,Food_Item_04058,Pizza,366.68
I04059,R0159,Food_Item_04059,South Indian,787.37
I04060,R0006,Food_Item_04060,Beverages,676.66
I04061,R0254,Food_Item_04061,Biryani,162.78
I04062,R0064,Food_Item_04062,Burger,126.06
I04063,R0449,Food_Item_04063,Chinese,107.4
I04064,R0196,Food_Item_04064,South Indian,102.58
I04065,R0443,Food_Item_04065,Chinese,487.47
I04066,R0473,Food_Item_04066,Healthy,228.29
I04067,R0137,Food_Item_04067,Pizza,633.12
I04068,R0365,Food_Item_04068,Burger,475.87
I04069,R0025,Food_Item_04069,South Indian,156.65
I04070,R0500,Food_Item_04070,Bengali,84.78
I04071,R0378,Food_Item_04071,Biryani,110.11
I04072,R0340,Food_Item_04072,Desserts,517.34
I04073,R0291,Food_Item_04073,South Indian,561.02
I04074,R0050,Food_Item_04074,Burger,369.47
I04075,R0131,Food_Item_04075,Chinese,144.7
I04076,R0348,Food_Item_04076,Biryani,846.44
I04077,R0107,Food_Item_04077,Bengali,412.69
I04078,R0321,Food_Item_04078,Beverages,432.03
I04079,R0416,Food_Item_04079,Healthy,392.8
I04080,R0444,Food_Item_04080,Burger,128.76
I04081,R0033,Food_Item_04081,Burger,662.57
I04082,R0273,Food_Item_04082,Burger,625.14
I04083,R0066,Food_Item_04083,Pizza,214.86
I04084,R0123,Food_Item_04084,Chinese,300.24
I04085,R0441,Food_Item_04085,Pizza,528.47
I04086,R0367,Food_Item_04086,Biryani,388.95
I04087,R0338,Food_Item_04087,Chinese,898.3
I04088,R0377,Food_Item_04088,Beverages,487.11
I04089,R0060,Food_Item_04089,Healthy,803.43
I04090,R0258,Food_Item_04090,Beverages,247.78
I04091,R0115,Food_Item_04091,Healthy,536.1
I04092,R0048,Food_Item_04092,Beverages,343.87
I04093,R0458,Food_Item_04093,Bengali,846.29
I04094,R0207,Food_Item_04094,Pizza,531.97
I04095,R0102,Food_Item_04095,Beverages,616.24
I04096,R0420,Food_Item_04096,Healthy,142.34
I04097,R0354,Food_Item_04097,South Indian,479.9
I04098,R0152,Food_Item_04098,Bengali,555.17
I04099,R0409,Food_Item_04099,Chinese,318.13
I04100,R0366,Food_Item_04100,Bengali,683.33
I04101,R0134,Food_Item_04101,Biryani,462.6
I04102,R0127,Food_Item_04102,Desserts,540.27
I04103,R0086,Food_Item_04103,South Indian,375.96
I04104,R0165,Food_Item_04104,Desserts,634.73
I04105,R0144,Food_Item_04105,Chinese,164.6
I04106,R0169,Food_Item_04106,Chinese,495.11
I04107,R0101,Food_Item_04107,Pizza,814.43
I04108,R0068,Food_Item_04108,Bengali,272.85
I04109,R0356,Food_Item_04109,Healthy,792.13
I04110,R0176,Food_Item_04110,Bengali,805.74
I04111,R0051,Food_Item_04111,Healthy,268.95
I04112,R0362,Food_Item_04112,Biryani,146.19
I04113,R0115,Food_Item_04113,Desserts,706.82
I04114,R0201,Food_Item_04114,Biryani,866.04
I04115,R0421,Food_Item_04115,Chinese,289.69
I04116,R0150,Food_Item_04116,South Indian,828.66
I04117,R0092,Food_Item_04117,South Indian,250.7
I04118,R0351,Food_Item_04118,Bengali,374.63
I04119,R0040,Food_Item_04119,Desserts,806.44
I04120,R0258,Food_Item_04120,Desserts,329.33
I04121,R0410,Food_Item_04121,Biryani,699.67
I04122,R0218,Food_Item_04122,Desserts,200.51
I04123,R0079,Food_Item_04123,Chinese,390.59
I04124,R0399,Food_Item_04124,Bengali,851.4
I04125,R0365,Food_Item_04125,Healthy,265.55
I04126,R0191,Food_Item_04126,Burger,655.4
I04127,R0076,Food_Item_04127,Bengali,834.03
I04128,R0273,Food_Item_04128,Bengali,723.66
I04129,R0390,Food_Item_04129,South Indian,857.35
I04130,R0016,Food_Item_04130,Burger,853.87
I04131,R0245,Food_Item_04131,Desserts,173.18
I04132,R0170,Food_Item_04132,Beverages,573.36
I04133,R0181,Food_Item_04133,Healthy,430.05
I04134,R0119,Food_Item_04134,Chinese,639.85
I04135,R0326,Food_Item_04135,Pizza,688.89
I04136,R0443,Food_Item_04136,Healthy,281.09
I04137,R0048,Food_Item_04137,Bengali,735.89
I04138,R0011,Food_Item_04138,Pizza,415.55
I04139,R0197,Food_Item_04139,Desserts,618.53
I04140,R0351,Food_Item_04140,Desserts,430.72
I04141,R0039,Food_Item_04141,Beverages,363.82
I04142,R0379,Food_Item_04142,Chinese,649.0
I04143,R0362,Food_Item_04143,South Indian,524.36
I04144,R0167,Food_Item_04144,Pizza,779.4
I04145,R0166,Food_Item_04145,Chinese,724.53
I04146,R0129,Food_Item_04146,Bengali,792.03
I04147,R0356,Food_Item_04147,Beverages,707.93
I04148,R0083,Food_Item_04148,Pizza,831.81
I04149,R0167,Food_Item_04149,Biryani,208.47
I04150,R0139,Food_Item_04150,Burger,605.19
I04151,R0188,Food_Item_04151,Pizza,147.58
I04152,R0457,Food_Item_04152,South Indian,489.71
I04153,R0013,Food_Item_04153,Desserts,786.3
I04154,R0022,Food_Item_04154,Chinese,674.99
I04155,R0205,Food_Item_04155,Chinese,558.0
I04156,R0229,Food_Item_04156,Chinese,649.07
I04157,R0498,Food_Item_04157,Healthy,222.1
I04158,R0133,Food_Item_04158,Chinese,843.26
I04159,R0280,Food_Item_04159,Desserts,254.23
I04160,R0348,Food_Item_04160,Biryani,216.92
I04161,R0349,Food_Item_04161,Pizza,194.8
I04162,R0167,Food_Item_04162,Chinese,847.7
I04163,R0426,Food_Item_04163,South Indian,457.9
I04164,R0173,Food_Item_04164,Chinese,517.11
I04165,R0217,Food_Item_04165,Burger,390.8
I04166,R0030,Food_Item_04166,Bengali,102.37
I04167,R0499,Food_Item_04167,Burger,134.66
I04168,R0456,Food_Item_04168,South Indian,92.92
I04169,R0123,Food_Item_04169,Biryani,521.98
I04170,R0261,Food_Item_04170,Pizza,238.66
I04171,R0419,Food_Item_04171,Healthy,409.74
I04172,R0035,Food_Item_04172,Bengali,457.47
I04173,R0338,Food_Item_04173,Burger,516.71
I04174,R0376,Food_Item_04174,Biryani,812.1
I04175,R0322,Food_Item_04175,Beverages,115.45
I04176,R0391,Food_Item_04176,Burger,485.27
I04177,R0113,Food_Item_04177,South Indian,188.13
I04178,R0231,Food_Item_04178,Bengali,839.75
I04179,R0318,Food_Item_04179,Biryani,832.31
I04180,R0490,Food_Item_04180,Bengali,194.75
I04181,R0030,Food_Item_04181,Healthy,176.23
I04182,R0114,Food_Item_04182,Pizza,170.09
I04183,R0164,Food_Item_04183,Healthy,160.43
I04184,R0423,Food_Item_04184,Chinese,209.64
I04185,R0383,Food_Item_04185,Biryani,207.66
I04186,R0424,Food_Item_04186,South Indian,214.07
I04187,R0323,Food_Item_04187,Pizza,201.83
I04188,R0261,Food_Item_04188,Chinese,389.89
I04189,R0201,Food_Item_04189,Pizza,288.19
I04190,R0271,Food_Item_04190,Desserts,422.0
I04191,R0051,Food_Item_04191,Chinese,812.87
I04192,R0057,Food_Item_04192,Desserts,368.61
I04193,R0036,Food_Item_04193,Pizza,314.91
I04194,R0067,Food_Item_04194,Biryani,829.77
I04195,R0165,Food_Item_04195,Burger,343.72
I04196,R0212,Food_Item_04196,Desserts,180.04
I04197,R0495,Food_Item_04197,Healthy,587.57
I04198,R0460,Food_Item_04198,Beverages,311.07
I04199,R0386,Food_Item_04199,Biryani,506.37
I04200,R0108,Food_Item_04200,Healthy,709.75
I04201,R0265,Food_Item_04201,Chinese,543.77
I04202,R0238,Food_Item_04202,Biryani,743.19
I04203,R0313,Food_Item_04203,Burger,362.66
I04204,R0033,Food_Item_04204,Beverages,218.32
I04205,R0031,Food_Item_04205,Bengali,403.63
I04206,R0150,Food_Item_04206,Pizza,417.78
I04207,R0041,Food_Item_04207,Beverages,667.09
I04208,R0187,Food_Item_04208,Chinese,643.21
I04209,R0195,Food_Item_04209,Pizza,333.68
I04210,R0482,Food_Item_04210,Chinese,842.05
I04211,R0338,Food_Item_04211,Desserts,305.98
I04212,R0097,Food_Item_04212,Burger,897.1
I04213,R0295,Food_Item_04213,Pizza,106.81
I04214,R0051,Food_Item_04214,Burger,632.47
I04215,R0487,Food_Item_04215,Beverages,588.57
I04216,R0027,Food_Item_04216,Pizza,559.64
I04217,R0113,Food_Item_04217,South Indian,718.89
I04218,R0262,Food_Item_04218,Bengali,564.52
I04219,R0344,Food_Item_04219,Biryani,580.13
I04220,R0260,Food_Item_04220,Bengali,799.43
I04221,R0470,Food_Item_04221,Beverages,233.13
I04222,R0098,Food_Item_04222,Bengali,515.55
I04223,R0500,Food_Item_04223,Pizza,663.92
I04224,R0124,Food_Item_04224,South Indian,332.46
I04225,R0366,Food_Item_04225,Healthy,259.98
I04226,R0160,Food_Item_04226,Pizza,185.7
I04227,R0342,Food_Item_04227,Pizza,295.4
I04228,R0005,Food_Item_04228,Bengali,626.18
I04229,R0360,Food_Item_04229,Chinese,584.27
I04230,R0409,Food_Item_04230,Bengali,220.84
I04231,R0171,Food_Item_04231,Bengali,482.75
I04232,R0387,Food_Item_04232,Biryani,255.29
I04233,R0267,Food_Item_04233,Desserts,847.5
I04234,R0161,Food_Item_04234,Healthy,673.79
I04235,R0292,Food_Item_04235,Pizza,222.13
I04236,R0288,Food_Item_04236,Bengali,317.56
I04237,R0172,Food_Item_04237,Chinese,779.53
I04238,R0165,Food_Item_04238,Bengali,536.84
I04239,R0224,Food_Item_04239,Bengali,371.88
I04240,R0014,Food_Item_04240,Bengali,570.71
I04241,R0288,Food_Item_04241,Pizza,399.38
I04242,R0295,Food_Item_04242,Desserts,827.37
I04243,R0270,Food_Item_04243,Desserts,796.3
I04244,R0361,Food_Item_04244,Bengali,211.52
I04245,R0247,Food_Item_04245,Pizza,635.51
I04246,R0167,Food_Item_04246,Beverages,766.82
I04247,R0403,Food_Item_04247,Pizza,253.22
I04248,R0121,Food_Item_04248,Pizza,794.64
I04249,R0005,Food_Item_04249,Burger,424.04
I04250,R0133,Food_Item_04250,Pizza,332.34
I04251,R0359,Food_Item_04251,Chinese,886.93
I04252,R0175,Food_Item_04252,Pizza,644.16
I04253,R0084,Food_Item_04253,Biryani,318.22
I04254,R0234,Food_Item_04254,Healthy,514.35
I04255,R0096,Food_Item_04255,Desserts,607.64
I04256,R0378,Food_Item_04256,Chinese,663.79
I04257,R0052,Food_Item_04257,Chinese,251.7
I04258,R0100,Food_Item_04258,Burger,585.61
I04259,R0392,Food_Item_04259,Desserts,774.75
I04260,R0354,Food_Item_04260,Burger,739.0
I04261,R0123,Food_Item_04261,Biryani,321.3
I04262,R0483,Food_Item_04262,South Indian,875.56
I04263,R0033,Food_Item_04263,Pizza,90.32
I04264,R0091,Food_Item_04264,Healthy,718.79
I04265,R0114,Food_Item_04265,Chinese,340.03
I04266,R0254,Food_Item_04266,Desserts,851.79
I04267,R0256,Food_Item_04267,Chinese,786.07
I04268,R0181,Food_Item_04268,Pizza,802.55
I04269,R0118,Food_Item_04269,Burger,286.53
I04270,R0301,Food_Item_04270,Beverages,733.06
I04271,R0202,Food_Item_04271,Biryani,352.78
I04272,R0441,Food_Item_04272,Healthy,446.71
I04273,R0038,Food_Item_04273,Biryani,821.55
I04274,R0444,Food_Item_04274,Desserts,670.77
I04275,R0410,Food_Item_04275,Desserts,605.26
I04276,R0222,Food_Item_04276,Bengali,185.76
I04277,R0350,Food_Item_04277,Biryani,521.39
I04278,R0379,Food_Item_04278,Desserts,181.28
I04279,R0443,Food_Item_04279,Biryani,141.52
I04280,R0256,Food_Item_04280,Desserts,856.2
I04281,R0041,Food_Item_04281,Desserts,565.77
I04282,R0387,Food_Item_04282,Beverages,85.04
I04283,R0078,Food_Item_04283,Chinese,464.6
I04284,R0443,Food_Item_04284,Bengali,315.13
I04285,R0411,Food_Item_04285,Pizza,206.21
I04286,R0356,Food_Item_04286,South Indian,751.68
I04287,R0175,Food_Item_04287,Desserts,205.96
I04288,R0031,Food_Item_04288,Pizza,216.41
I04289,R0216,Food_Item_04289,Beverages,270.74
I04290,R0123,Food_Item_04290,Chinese,664.2
I04291,R0487,Food_Item_04291,Healthy,236.4
I04292,R0393,Food_Item_04292,Biryani,343.52
I04293,R0094,Food_Item_04293,Burger,819.92
I04294,R0010,Food_Item_04294,Desserts,543.42
I04295,R0461,Food_Item_04295,Pizza,221.87
I04296,R0259,Food_Item_04296,Healthy,785.12
I04297,R0363,Food_Item_04297,Healthy,499.97
I04298,R0306,Food_Item_04298,Biryani,764.07
I04299,R0157,Food_Item_04299,Beverages,144.57
I04300,R0410,Food_Item_04300,Chinese,212.69
I04301,R0110,Food_Item_04301,Beverages,155.29
I04302,R0404,Food_Item_04302,Desserts,474.61
I04303,R0485,Food_Item_04303,Burger,397.65
I04304,R0037,Food_Item_04304,Biryani,421.13
I04305,R0392,Food_Item_04305,Burger,380.56
I04306,R0340,Food_Item_04306,Chinese,427.8
I04307,R0384,Food_Item_04307,South Indian,392.61
I04308,R0396,Food_Item_04308,Beverages,210.92
I04309,R0468,Food_Item_04309,Beverages,546.65
I04310,R0053,Food_Item_04310,Burger,792.72
I04311,R0151,Food_Item_04311,Pizza,895.15
I04312,R0243,Food_Item_04312,Bengali,176.19
I04313,R0444,Food_Item_04313,Desserts,417.21
I04314,R0325,Food_Item_04314,Bengali,277.69
I04315,R0304,Food_Item_04315,Bengali,544.86
I04316,R0172,Food_Item_04316,Desserts,375.5
I04317,R0062,Food_Item_04317,Chinese,799.76
I04318,R0186,Food_Item_04318,Burger,846.87
I04319,R0239,Food_Item_04319,Beverages,346.57
I04320,R0052,Food_Item_04320,Pizza,372.26
I04321,R0081,Food_Item_04321,Biryani,518.67
I04322,R0388,Food_Item_04322,Biryani,601.13
I04323,R0123,Food_Item_04323,Chinese,697.02
I04324,R0119,Food_Item_04324,South Indian,162.06
I04325,R0052,Food_Item_04325,South Indian,121.9
I04326,R0218,Food_Item_04326,Pizza,636.15
I04327,R0023,Food_Item_04327,Chinese,472.52
I04328,R0259,Food_Item_04328,Bengali,631.66
I04329,R0037,Food_Item_04329,Burger,327.32
I04330,R0044,Food_Item_04330,South Indian,221.18
I04331,R0488,Food_Item_04331,Burger,171.23
I04332,R0216,Food_Item_04332,Beverages,724.79
I04333,R0147,Food_Item_04333,Chinese,410.48
I04334,R0077,Food_Item_04334,Beverages,147.96
I04335,R0225,Food_Item_04335,Chinese,282.35
I04336,R0117,Food_Item_04336,Chinese,786.45
I04337,R0112,Food_Item_04337,Desserts,474.86
I04338,R0179,Food_Item_04338,Burger,779.74
I04339,R0067,Food_Item_04339,Desserts,855.17
I04340,R0245,Food_Item_04340,Biryani,134.9
I04341,R0205,Food_Item_04341,Beverages,853.44
I04342,R0218,Food_Item_04342,Desserts,384.27
I04343,R0391,Food_Item_04343,Bengali,652.58
I04344,R0036,Food_Item_04344,South Indian,410.56
I04345,R0135,Food_Item_04345,Chinese,583.99
I04346,R0176,Food_Item_04346,Chinese,629.21
I04347,R0192,Food_Item_04347,Burger,189.05
I04348,R0020,Food_Item_04348,Desserts,433.52
I04349,R0127,Food_Item_04349,Pizza,249.41
I04350,R0126,Food_Item_04350,Burger,177.83
I04351,R0457,Food_Item_04351,Chinese,565.39
I04352,R0043,Food_Item_04352,South Indian,637.82
I04353,R0250,Food_Item_04353,Burger,291.21
I04354,R0084,Food_Item_04354,Chinese,86.01
I04355,R0488,Food_Item_04355,Beverages,876.02
I04356,R0252,Food_Item_04356,Burger,469.38
I04357,R0163,Food_Item_04357,Pizza,614.5
I04358,R0464,Food_Item_04358,Beverages,141.68
I04359,R0323,Food_Item_04359,Burger,588.58
I04360,R0098,Food_Item_04360,Desserts,705.33
I04361,R0357,Food_Item_04361,Healthy,118.86
I04362,R0366,Food_Item_04362,South Indian,509.33
I04363,R0255,Food_Item_04363,South Indian,196.45
I04364,R0022,Food_Item_04364,Desserts,200.47
I04365,R0370,Food_Item_04365,Pizza,584.14
I04366,R0168,Food_Item_04366,Biryani,587.79
I04367,R0053,Food_Item_04367,Pizza,534.09
I04368,R0201,Food_Item_04368,Chinese,498.34
I04369,R0248,Food_Item_04369,Beverages,465.39
I04370,R0055,Food_Item_04370,Bengali,474.6
I04371,R0109,Food_Item_04371,Beverages,354.26
I04372,R0319,Food_Item_04372,Chinese,291.01
I04373,R0336,Food_Item_04373,Beverages,297.83
I04374,R0073,Food_Item_04374,Desserts,824.64
I04375,R0122,Food_Item_04375,Biryani,298.7
I04376,R0401,Food_Item_04376,South Indian,387.1
I04377,R0045,Food_Item_04377,Bengali,493.35
I04378,R0296,Food_Item_04378,Chinese,689.01
I04379,R0209,Food_Item_04379,Desserts,717.22
I04380,R0371,Food_Item_04380,Chinese,671.78
I04381,R0018,Food_Item_04381,Desserts,328.49
I04382,R0083,Food_Item_04382,Desserts,213.74
I04383,R0411,Food_Item_04383,Pizza,749.96
I04384,R0159,Food_Item_04384,Biryani,797.08
I04385,R0189,Food_Item_04385,Beverages,828.6
I04386,R0353,Food_Item_04386,Beverages,783.84
I04387,R0235,Food_Item_04387,Healthy,376.33
I04388,R0227,Food_Item_04388,Biryani,205.87
I04389,R0030,Food_Item_04389,Desserts,629.75
I04390,R0317,Food_Item_04390,Pizza,612.52
I04391,R0070,Food_Item_04391,South Indian,283.28
I04392,R0207,Food_Item_04392,Beverages,588.58
I04393,R0176,Food_Item_04393,Burger,898.56
I04394,R0337,Food_Item_04394,Chinese,218.2
I04395,R0339,Food_Item_04395,South Indian,390.43
I04396,R0321,Food_Item_04396,South Indian,400.66
I04397,R0309,Food_Item_04397,Biryani,255.1
I04398,R0150,Food_Item_04398,Chinese,726.22
I04399,R0174,Food_Item_04399,Beverages,659.99
I04400,R0441,Food_Item_04400,Biryani,257.92
I04401,R0356,Food_Item_04401,Chinese,783.39
I04402,R0367,Food_Item_04402,Bengali,429.16
I04403,R0435,Food_Item_04403,Chinese,531.74
I04404,R0035,Food_Item_04404,Desserts,641.61
I04405,R0001,Food_Item_04405,Burger,796.81
I04406,R0019,Food_Item_04406,Pizza,266.0
I04407,R0250,Food_Item_04407,Healthy,565.72
I04408,R0359,Food_Item_04408,Desserts,630.69
I04409,R0476,Food_Item_04409,Burger,806.83
I04410,R0317,Food_Item_04410,Biryani,713.28
I04411,R0367,Food_Item_04411,Chinese,829.84
I04412,R0463,Food_Item_04412,Desserts,141.69
I04413,R0086,Food_Item_04413,Bengali,428.87
I04414,R0338,Food_Item_04414,Desserts,331.19
I04415,R0333,Food_Item_04415,South Indian,487.69
I04416,R0105,Food_Item_04416,Healthy,744.86
I04417,R0234,Food_Item_04417,Pizza,483.9
I04418,R0022,Food_Item_04418,Beverages,108.82
I04419,R0241,Food_Item_04419,Healthy,630.07
I04420,R0267,Food_Item_04420,Beverages,88.44
I04421,R0189,Food_Item_04421,Burger,160.16
I04422,R0249,Food_Item_04422,Healthy,676.74
I04423,R0317,Food_Item_04423,Healthy,761.42
I04424,R0469,Food_Item_04424,Beverages,340.85
I04425,R0198,Food_Item_04425,Burger,546.59
I04426,R0355,Food_Item_04426,Beverages,528.69
I04427,R0220,Food_Item_04427,Beverages,125.59
I04428,R0451,Food_Item_04428,Pizza,526.77
I04429,R0282,Food_Item_04429,Burger,89.0
I04430,R0379,Food_Item_04430,Desserts,752.38
I04431,R0146,Food_Item_04431,Beverages,693.47
I04432,R0331,Food_Item_04432,Bengali,312.64
I04433,R0127,Food_Item_04433,South Indian,295.11
I04434,R0282,Food_Item_04434,Healthy,235.9
I04435,R0097,Food_Item_04435,Chinese,861.27
I04436,R0291,Food_Item_04436,Desserts,773.55
I04437,R0090,Food_Item_04437,Healthy,766.94
I04438,R0254,Food_Item_04438,Burger,462.29
I04439,R0242,Food_Item_04439,Biryani,745.45
I04440,R0420,Food_Item_04440,Pizza,565.08
I04441,R0053,Food_Item_04441,Desserts,325.56
I04442,R0118,Food_Item_04442,Burger,432.96
I04443,R0356,Food_Item_04443,Desserts,415.45
I04444,R0458,Food_Item_04444,South Indian,368.5
I04445,R0404,Food_Item_04445,Beverages,278.68
I04446,R0280,Food_Item_04446,Bengali,406.56
I04447,R0134,Food_Item_04447,Bengali,571.42
I04448,R0219,Food_Item_04448,Pizza,240.87
I04449,R0429,Food_Item_04449,Burger,196.31
I04450,R0106,Food_Item_04450,Burger,645.99
I04451,R0493,Food_Item_04451,Biryani,511.6
I04452,R0139,Food_Item_04452,Burger,368.78
I04453,R0242,Food_Item_04453,Healthy,824.48
I04454,R0293,Food_Item_04454,Beverages,458.28
I04455,R0148,Food_Item_04455,Burger,352.02
I04456,R0076,Food_Item_04456,Chinese,257.33
I04457,R0156,Food_Item_04457,Desserts,345.0
I04458,R0002,Food_Item_04458,Biryani,304.47
I04459,R0319,Food_Item_04459,Desserts,790.78
I04460,R0130,Food_Item_04460,South Indian,811.43
I04461,R0222,Food_Item_04461,Desserts,418.32
I04462,R0153,Food_Item_04462,Biryani,293.98
I04463,R0101,Food_Item_04463,Healthy,186.89
I04464,R0471,Food_Item_04464,Desserts,667.23
I04465,R0171,Food_Item_04465,Pizza,800.85
I04466,R0291,Food_Item_04466,Beverages,417.12
I04467,R0170,Food_Item_04467,Biryani,797.42
I04468,R0203,Food_Item_04468,Pizza,282.96
I04469,R0125,Food_Item_04469,Beverages,579.15
I04470,R0492,Food_Item_04470,Beverages,146.5
I04471,R0302,Food_Item_04471,Biryani,541.76
I04472,R0184,Food_Item_04472,Desserts,603.72
I04473,R0278,Food_Item_04473,Beverages,608.39
I04474,R0480,Food_Item_04474,Biryani,718.6
I04475,R0311,Food_Item_04475,Biryani,157.69
I04476,R0471,Food_Item_04476,Burger,308.42
I04477,R0332,Food_Item_04477,Pizza,648.31
I04478,R0345,Food_Item_04478,Burger,565.5
I04479,R0187,Food_Item_04479,Beverages,858.55
I04480,R0263,Food_Item_04480,Pizza,723.03
I04481,R0303,Food_Item_04481,South Indian,466.2
I04482,R0411,Food_Item_04482,Chinese,517.67
I04483,R0371,Food_Item_04483,Burger,620.95
I04484,R0162,Food_Item_04484,Healthy,88.39
I04485,R0215,Food_Item_04485,Burger,378.65
I04486,R0184,Food_Item_04486,Burger,179.96
I04487,R0493,Food_Item_04487,Burger,276.34
I04488,R0104,Food_Item_04488,Healthy,760.2
I04489,R0291,Food_Item_04489,Beverages,529.75
I04490,R0128,Food_Item_04490,South Indian,785.58
I04491,R0066,Food_Item_04491,South Indian,808.83
I04492,R0069,Food_Item_04492,South Indian,740.88
I04493,R0011,Food_Item_04493,Bengali,704.9
I04494,R0426,Food_Item_04494,Desserts,216.2
I04495,R0417,Food_Item_04495,Biryani,300.82
I04496,R0001,Food_Item_04496,Beverages,657.34
I04497,R0134,Food_Item_04497,Desserts,326.86
I04498,R0213,Food_Item_04498,Healthy,387.62
I04499,R0078,Food_Item_04499,Chinese,847.81
I04500,R0183,Food_Item_04500,Biryani,658.81
I04501,R0463,Food_Item_04501,Chinese,167.44
I04502,R0194,Food_Item_04502,Chinese,671.39
I04503,R0255,Food_Item_04503,Bengali,730.91
I04504,R0422,Food_Item_04504,Pizza,828.92
I04505,R0002,Food_Item_04505,Biryani,641.8
I04506,R0411,Food_Item_04506,Pizza,158.48
I04507,R0228,Food_Item_04507,Desserts,707.53
I04508,R0332,Food_Item_04508,Pizza,618.17
I04509,R0480,Food_Item_04509,Bengali,454.03
I04510,R0345,Food_Item_04510,Desserts,703.64
I04511,R0151,Food_Item_04511,Bengali,510.6
I04512,R0402,Food_Item_04512,Biryani,844.48
I04513,R0120,Food_Item_04513,Pizza,843.91
I04514,R0193,Food_Item_04514,Beverages,264.87
I04515,R0324,Food_Item_04515,Bengali,441.28
I04516,R0226,Food_Item_04516,Desserts,242.79
I04517,R0427,Food_Item_04517,Healthy,351.19
I04518,R0123,Food_Item_04518,Chinese,262.94
I04519,R0321,Food_Item_04519,Healthy,499.77
I04520,R0120,Food_Item_04520,Chinese,80.53
I04521,R0297,Food_Item_04521,Healthy,728.95
I04522,R0468,Food_Item_04522,Desserts,210.33
I04523,R0486,Food_Item_04523,Burger,304.78
I04524,R0381,Food_Item_04524,Biryani,223.43
I04525,R0318,Food_Item_04525,Healthy,370.24
I04526,R0227,Food_Item_04526,Chinese,143.17
I04527,R0158,Food_Item_04527,Beverages,784.3
I04528,R0020,Food_Item_04528,Pizza,420.26
I04529,R0254,Food_Item_04529,South Indian,837.86
I04530,R0372,Food_Item_04530,Pizza,118.51
I04531,R0418,Food_Item_04531,Pizza,221.53
I04532,R0475,Food_Item_04532,South Indian,765.38
I04533,R0092,Food_Item_04533,Chinese,460.32
I04534,R0464,Food_Item_04534,Burger,128.74
I04535,R0139,Food_Item_04535,Chinese,118.28
I04536,R0358,Food_Item_04536,Chinese,813.78
I04537,R0373,Food_Item_04537,Pizza,294.6
I04538,R0324,Food_Item_04538,Desserts,416.92
I04539,R0210,Food_Item_04539,Burger,815.55
I04540,R0061,Food_Item_04540,Bengali,627.46
I04541,R0251,Food_Item_04541,Desserts,711.77
I04542,R0043,Food_Item_04542,Burger,466.63
I04543,R0314,Food_Item_04543,Biryani,650.1
I04544,R0133,Food_Item_04544,Biryani,559.14
I04545,R0097,Food_Item_04545,Bengali,219.64
I04546,R0282,Food_Item_04546,Biryani,549.6
I04547,R0125,Food_Item_04547,Pizza,838.98
I04548,R0457,Food_Item_04548,South Indian,363.09
I04549,R0050,Food_Item_04549,Burger,484.98
I04550,R0436,Food_Item_04550,Chinese,421.19
I04551,R0387,Food_Item_04551,Desserts,644.68
I04552,R0154,Food_Item_04552,Beverages,594.15
I04553,R0285,Food_Item_04553,Chinese,471.19
I04554,R0184,Food_Item_04554,Biryani,118.77
I04555,R0120,Food_Item_04555,Pizza,296.92
I04556,R0156,Food_Item_04556,Beverages,337.91
I04557,R0171,Food_Item_04557,Biryani,680.64
I04558,R0266,Food_Item_04558,Pizza,404.96
I04559,R0290,Food_Item_04559,Healthy,390.21
I04560,R0405,Food_Item_04560,Chinese,445.61
I04561,R0286,Food_Item_04561,Biryani,434.23
I04562,R0392,Food_Item_04562,Beverages,668.49
I04563,R0461,Food_Item_04563,Desserts,629.65
I04564,R0444,Food_Item_04564,Beverages,705.55
I04565,R0205,Food_Item_04565,Desserts,250.08
I04566,R0261,Food_Item_04566,South Indian,687.99
I04567,R0404,Food_Item_04567,Desserts,322.88
I04568,R0330,Food_Item_04568,Biryani,80.05
I04569,R0066,Food_Item_04569,Biryani,604.46
I04570,R0477,Food_Item_04570,Bengali,89.67
I04571,R0384,Food_Item_04571,South Indian,160.36
I04572,R0338,Food_Item_04572,Desserts,113.73
I04573,R0495,Food_Item_04573,Healthy,577.22
I04574,R0084,Food_Item_04574,Burger,250.47
I04575,R0443,Food_Item_04575,Burger,743.52
I04576,R0164,Food_Item_04576,Pizza,372.17
I04577,R0407,Food_Item_04577,Beverages,354.85
I04578,R0038,Food_Item_04578,South Indian,502.13
I04579,R0279,Food_Item_04579,Chinese,715.53
I04580,R0056,Food_Item_04580,Desserts,651.05
I04581,R0475,Food_Item_04581,South Indian,249.37
I04582,R0246,Food_Item_04582,South Indian,706.08
I04583,R0428,Food_Item_04583,Beverages,495.58
I04584,R0370,Food_Item_04584,Burger,889.67
I04585,R0242,Food_Item_04585,Bengali,503.78
I04586,R0095,Food_Item_04586,Beverages,314.67
I04587,R0234,Food_Item_04587,Beverages,704.14
I04588,R0161,Food_Item_04588,Beverages,104.02
I04589,R0128,Food_Item_04589,Pizza,674.2
I04590,R0169,Food_Item_04590,Bengali,525.41
I04591,R0115,Food_Item_04591,Bengali,224.03
I04592,R0421,Food_Item_04592,Biryani,99.76
I04593,R0455,Food_Item_04593,South Indian,118.2
I04594,R0093,Food_Item_04594,Burger,147.07
I04595,R0107,Food_Item_04595,South Indian,479.93
I04596,R0018,Food_Item_04596,Bengali,660.22
I04597,R0210,Food_Item_04597,Desserts,189.72
I04598,R0312,Food_Item_04598,Beverages,210.36
I04599,R0132,Food_Item_04599,Bengali,747.5
I04600,R0264,Food_Item_04600,South Indian,266.9
I04601,R0168,Food_Item_04601,Healthy,758.88
I04602,R0002,Food_Item_04602,Burger,157.94
I04603,R0119,Food_Item_04603,Burger,766.28
I04604,R0383,Food_Item_04604,Beverages,680.72
I04605,R0442,Food_Item_04605,Healthy,201.09
I04606,R0212,Food_Item_04606,Chinese,357.11
I04607,R0291,Food_Item_04607,Beverages,353.15
I04608,R0274,Food_Item_04608,Healthy,189.75
I04609,R0152,Food_Item_04609,Beverages,389.24
I04610,R0336,Food_Item_04610,South Indian,635.82
I04611,R0204,Food_Item_04611,Desserts,679.05
I04612,R0026,Food_Item_04612,Bengali,246.38
I04613,R0193,Food_Item_04613,Biryani,671.86
I04614,R0087,Food_Item_04614,Pizza,298.66
I04615,R0239,Food_Item_04615,Healthy,114.85
I04616,R0232,Food_Item_04616,Burger,239.6
I04617,R0235,Food_Item_04617,Pizza,360.63
I04618,R0086,Food_Item_04618,Healthy,109.44
I04619,R0474,Food_Item_04619,Chinese,158.15
I04620,R0059,Food_Item_04620,Desserts,372.12
I04621,R0147,Food_Item_04621,Beverages,838.16
I04622,R0163,Food_Item_04622,South Indian,601.36
I04623,R0228,Food_Item_04623,Bengali,846.19
I04624,R0214,Food_Item_04624,South Indian,110.53
I04625,R0494,Food_Item_04625,South Indian,791.84
I04626,R0425,Food_Item_04626,Biryani,191.27
I04627,R0028,Food_Item_04627,Biryani,274.29
I04628,R0298,Food_Item_04628,Beverages,162.26
I04629,R0258,Food_Item_04629,Beverages,417.18
I04630,R0465,Food_Item_04630,Biryani,246.01
I04631,R0171,Food_Item_04631,Burger,686.27
I04632,R0229,Food_Item_04632,Chinese,699.04
I04633,R0465,Food_Item_04633,Biryani,318.2
I04634,R0237,Food_Item_04634,Chinese,735.83
I04635,R0304,Food_Item_04635,Healthy,214.2
I04636,R0156,Food_Item_04636,Bengali,113.01
I04637,R0392,Food_Item_04637,Healthy,215.33
I04638,R0041,Food_Item_04638,Chinese,281.54
I04639,R0489,Food_Item_04639,Desserts,121.27
I04640,R0087,Food_Item_04640,Healthy,170.02
I04641,R0289,Food_Item_04641,South Indian,328.22
I04642,R0034,Food_Item_04642,Beverages,779.01
I04643,R0049,Food_Item_04643,Pizza,781.49
I04644,R0352,Food_Item_04644,Healthy,894.73
I04645,R0394,Food_Item_04645,Healthy,160.37
I04646,R0175,Food_Item_04646,South Indian,81.51
I04647,R0029,Food_Item_04647,Biryani,543.8
I04648,R0016,Food_Item_04648,Burger,574.66
I04649,R0468,Food_Item_04649,Burger,273.66
I04650,R0377,Food_Item_04650,Healthy,733.57
I04651,R0194,Food_Item_04651,Biryani,863.88
I04652,R0128,Food_Item_04652,Biryani,351.98
I04653,R0351,Food_Item_04653,Beverages,855.59
I04654,R0447,Food_Item_04654,Healthy,165.5
I04655,R0330,Food_Item_04655,Burger,470.03
I04656,R0412,Food_Item_04656,Biryani,241.68
I04657,R0426,Food_Item_04657,Healthy,559.23
I04658,R0152,Food_Item_04658,Beverages,138.33
I04659,R0367,Food_Item_04659,Desserts,493.58
I04660,R0118,Food_Item_04660,Beverages,222.0
I04661,R0112,Food_Item_04661,Healthy,422.31
I04662,R0497,Food_Item_04662,Bengali,644.2
I04663,R0164,Food_Item_04663,Biryani,353.7
I04664,R0410,Food_Item_04664,Beverages,523.17
I04665,R0173,Food_Item_04665,Biryani,876.63
I04666,R0464,Food_Item_04666,Biryani,797.76
I04667,R0140,Food_Item_04667,South Indian,897.51
I04668,R0009,Food_Item_04668,Chinese,225.17
I04669,R0232,Food_Item_04669,Bengali,485.19
I04670,R0300,Food_Item_04670,Chinese,723.08
I04671,R0193,Food_Item_04671,Beverages,841.78
I04672,R0134,Food_Item_04672,Healthy,277.53
I04673,R0414,Food_Item_04673,Healthy,889.96
I04674,R0188,Food_Item_04674,South Indian,441.91
I04675,R0351,Food_Item_04675,South Indian,713.13
I04676,R0046,Food_Item_04676,Biryani,505.08
I04677,R0437,Food_Item_04677,Beverages,324.03
I04678,R0375,Food_Item_04678,Burger,169.3
I04679,R0085,Food_Item_04679,Burger,212.72
I04680,R0263,Food_Item_04680,Beverages,610.86
I04681,R0375,Food_Item_04681,Healthy,534.17
I04682,R0397,Food_Item_04682,Healthy,434.86
I04683,R0211,Food_Item_04683,Biryani,593.4
I04684,R0059,Food_Item_04684,Healthy,496.06
I04685,R0030,Food_Item_04685,Chinese,195.88
I04686,R0499,Food_Item_04686,Pizza,294.47
I04687,R0055,Food_Item_04687,Pizza,434.07
I04688,R0175,Food_Item_04688,Desserts,406.22
I04689,R0429,Food_Item_04689,Beverages,820.07
I04690,R0476,Food_Item_04690,Chinese,852.37
I04691,R0236,Food_Item_04691,Bengali,517.92
I04692,R0339,Food_Item_04692,Desserts,297.83
I04693,R0257,Food_Item_04693,Chinese,735.07
I04694,R0055,Food_Item_04694,Beverages,229.1
I04695,R0246,Food_Item_04695,Burger,483.58
I04696,R0391,Food_Item_04696,Burger,895.28
I04697,R0313,Food_Item_04697,South Indian,797.31
I04698,R0281,Food_Item_04698,South Indian,842.26
I04699,R0417,Food_Item_04699,Burger,160.26
I04700,R0095,Food_Item_04700,Burger,458.96
I04701,R0284,Food_Item_04701,Burger,710.66
I04702,R0094,Food_Item_04702,South Indian,207.93
I04703,R0032,Food_Item_04703,Desserts,710.55
I04704,R0477,Food_Item_04704,Burger,360.27
I04705,R0390,Food_Item_04705,Desserts,807.51
I04706,R0500,Food_Item_04706,Chinese,422.43
I04707,R0230,Food_Item_04707,Pizza,285.22
I04708,R0289,Food_Item_04708,Burger,831.83
I04709,R0031,Food_Item_04709,Beverages,664.49
I04710,R0094,Food_Item_04710,Burger,459.64
I04711,R0043,Food_Item_04711,Bengali,868.04
I04712,R0171,Food_Item_04712,Bengali,573.96
I04713,R0204,Food_Item_04713,Desserts,561.38
I04714,R0106,Food_Item_04714,Bengali,376.21
I04715,R0389,Food_Item_04715,Healthy,764.47
I04716,R0304,Food_Item_04716,Healthy,559.93
I04717,R0218,Food_Item_04717,Burger,589.75
I04718,R0201,Food_Item_04718,Chinese,847.69
I04719,R0284,Food_Item_04719,Chinese,301.34
I04720,R0190,Food_Item_04720,Bengali,728.55
I04721,R0387,Food_Item_04721,South Indian,744.83
I04722,R0401,Food_Item_04722,Healthy,131.98
I04723,R0093,Food_Item_04723,Desserts,672.31
I04724,R0482,Food_Item_04724,South Indian,760.91
I04725,R0229,Food_Item_04725,Burger,519.82
I04726,R0099,Food_Item_04726,Beverages,171.17
I04727,R0426,Food_Item_04727,Beverages,144.72
I04728,R0208,Food_Item_04728,Healthy,99.31
I04729,R0075,Food_Item_04729,South Indian,380.21
I04730,R0269,Food_Item_04730,Beverages,589.4
I04731,R0205,Food_Item_04731,Beverages,547.5
I04732,R0123,Food_Item_04732,Biryani,498.02
I04733,R0364,Food_Item_04733,Pizza,422.15
I04734,R0201,Food_Item_04734,Pizza,638.31
I04735,R0264,Food_Item_04735,Burger,804.26
I04736,R0028,Food_Item_04736,Burger,757.72
I04737,R0185,Food_Item_04737,Biryani,666.33
I04738,R0021,Food_Item_04738,Desserts,319.71
I04739,R0142,Food_Item_04739,Bengali,851.17
I04740,R0394,Food_Item_04740,Desserts,786.2
I04741,R0463,Food_Item_04741,Beverages,857.17
I04742,R0170,Food_Item_04742,Pizza,587.63
I04743,R0350,Food_Item_04743,Burger,353.04
I04744,R0354,Food_Item_04744,South Indian,450.77
I04745,R0391,Food_Item_04745,Burger,348.44
I04746,R0042,Food_Item_04746,Chinese,367.76
I04747,R0149,Food_Item_04747,South Indian,428.97
I04748,R0336,Food_Item_04748,Desserts,846.7
I04749,R0148,Food_Item_04749,Pizza,487.93
I04750,R0327,Food_Item_04750,Burger,411.59
I04751,R0450,Food_Item_04751,Burger,604.29
I04752,R0411,Food_Item_04752,Burger,314.8
I04753,R0245,Food_Item_04753,Beverages,87.22
I04754,R0103,Food_Item_04754,Bengali,678.51
I04755,R0160,Food_Item_04755,Beverages,352.61
I04756,R0276,Food_Item_04756,Biryani,274.74
I04757,R0373,Food_Item_04757,Desserts,518.72
I04758,R0451,Food_Item_04758,Desserts,212.1
I04759,R0423,Food_Item_04759,Beverages,307.94
I04760,R0110,Food_Item_04760,Chinese,500.09
I04761,R0056,Food_Item_04761,Desserts,879.0
I04762,R0063,Food_Item_04762,South Indian,280.01
I04763,R0110,Food_Item_04763,Beverages,462.97
I04764,R0173,Food_Item_04764,Beverages,512.97
I04765,R0021,Food_Item_04765,Beverages,664.58
I04766,R0483,Food_Item_04766,Pizza,508.04
I04767,R0174,Food_Item_04767,Desserts,681.39
I04768,R0079,Food_Item_04768,Pizza,788.65
I04769,R0267,Food_Item_04769,South Indian,311.88
I04770,R0060,Food_Item_04770,Healthy,765.24
I04771,R0427,Food_Item_04771,Pizza,295.44
I04772,R0499,Food_Item_04772,Desserts,743.67
I04773,R0457,Food_Item_04773,Burger,602.06
I04774,R0197,Food_Item_04774,Burger,546.2
I04775,R0319,Food_Item_04775,Biryani,460.42
I04776,R0075,Food_Item_04776,Desserts,527.25
I04777,R0023,Food_Item_04777,Beverages,272.35
I04778,R0280,Food_Item_04778,South Indian,488.41
I04779,R0374,Food_Item_04779,Pizza,578.98
I04780,R0007,Food_Item_04780,Bengali,392.88
I04781,R0497,Food_Item_04781,Healthy,393.11
I04782,R0213,Food_Item_04782,Beverages,364.88
I04783,R0310,Food_Item_04783,Desserts,750.68
I04784,R0019,Food_Item_04784,Biryani,395.24
I04785,R0444,Food_Item_04785,Healthy,555.87
I04786,R0283,Food_Item_04786,Bengali,877.21
I04787,R0240,Food_Item_04787,Bengali,104.68
I04788,R0313,Food_Item_04788,Chinese,260.32
I04789,R0417,Food_Item_04789,Beverages,838.69
I04790,R0002,Food_Item_04790,South Indian,667.7
I04791,R0025,Food_Item_04791,Burger,388.7
I04792,R0257,Food_Item_04792,Chinese,153.61
I04793,R0391,Food_Item_04793,Pizza,501.43
I04794,R0473,Food_Item_04794,Healthy,722.77
I04795,R0047,Food_Item_04795,Beverages,426.77
I04796,R0200,Food_Item_04796,Bengali,772.06
I04797,R0391,Food_Item_04797,Desserts,318.2
I04798,R0478,Food_Item_04798,Beverages,486.03
I04799,R0128,Food_Item_04799,Chinese,153.95
I04800,R0482,Food_Item_04800,Burger,510.97
I04801,R0404,Food_Item_04801,Healthy,786.07
I04802,R0121,Food_Item_04802,Chinese,204.81
I04803,R0408,Food_Item_04803,Biryani,579.85
I04804,R0289,Food_Item_04804,Beverages,337.69
I04805,R0423,Food_Item_04805,Burger,369.8
I04806,R0416,Food_Item_04806,Burger,87.04
I04807,R0101,Food_Item_04807,Desserts,517.05
I04808,R0355,Food_Item_04808,Healthy,887.97
I04809,R0230,Food_Item_04809,Biryani,200.43
I04810,R0381,Food_Item_04810,Bengali,272.09
I04811,R0069,Food_Item_04811,Burger,265.57
I04812,R0131,Food_Item_04812,Healthy,540.95
I04813,R0115,Food_Item_04813,Healthy,235.72
I04814,R0460,Food_Item_04814,Biryani,860.36
I04815,R0184,Food_Item_04815,Biryani,650.99
I04816,R0118,Food_Item_04816,Chinese,592.74
I04817,R0368,Food_Item_04817,Biryani,83.26
I04818,R0323,Food_Item_04818,Chinese,465.88
I04819,R0319,Food_Item_04819,Pizza,743.74
I04820,R0443,Food_Item_04820,Healthy,495.74
I04821,R0453,Food_Item_04821,Desserts,685.39
I04822,R0180,Food_Item_04822,Pizza,639.29
I04823,R0481,Food_Item_04823,Bengali,842.16
I04824,R0277,Food_Item_04824,Desserts,380.65
I04825,R0445,Food_Item_04825,Beverages,756.8
I04826,R0346,Food_Item_04826,Bengali,293.55
I04827,R0041,Food_Item_04827,Bengali,537.18
I04828,R0465,Food_Item_04828,Beverages,586.71
I04829,R0289,Food_Item_04829,Burger,443.03
I04830,R0225,Food_Item_04830,Healthy,163.94
I04831,R0171,Food_Item_04831,Pizza,436.05
I04832,R0302,Food_Item_04832,Beverages,241.53
I04833,R0461,Food_Item_04833,Healthy,479.6
I04834,R0071,Food_Item_04834,Burger,96.91
I04835,R0113,Food_Item_04835,Bengali,476.4
I04836,R0033,Food_Item_04836,Beverages,389.41
I04837,R0099,Food_Item_04837,Burger,91.08
I04838,R0011,Food_Item_04838,South Indian,590.66
I04839,R0106,Food_Item_04839,Beverages,336.66
I04840,R0239,Food_Item_04840,Bengali,557.55
I04841,R0414,Food_Item_04841,Beverages,806.45
I04842,R0273,Food_Item_04842,Burger,788.82
I04843,R0113,Food_Item_04843,South Indian,492.93
I04844,R0044,Food_Item_04844,Beverages,466.43
I04845,R0444,Food_Item_04845,Burger,517.31
I04846,R0091,Food_Item_04846,South Indian,400.06
I04847,R0384,Food_Item_04847,South Indian,321.98
I04848,R0134,Food_Item_04848,Beverages,209.26
I04849,R0316,Food_Item_04849,Desserts,830.37
I04850,R0446,Food_Item_04850,Chinese,130.55
I04851,R0456,Food_Item_04851,Healthy,362.99
I04852,R0050,Food_Item_04852,Bengali,216.48
I04853,R0256,Food_Item_04853,Bengali,129.64
I04854,R0245,Food_Item_04854,Biryani,221.66
I04855,R0440,Food_Item_04855,Burger,453.89
I04856,R0395,Food_Item_04856,Biryani,538.34
I04857,R0073,Food_Item_04857,Biryani,813.38
I04858,R0436,Food_Item_04858,Healthy,640.75
I04859,R0182,Food_Item_04859,Burger,737.61
I04860,R0347,Food_Item_04860,Desserts,533.71
I04861,R0090,Food_Item_04861,South Indian,245.04
I04862,R0133,Food_Item_04862,Pizza,776.88
I04863,R0036,Food_Item_04863,Beverages,469.1
I04864,R0061,Food_Item_04864,Bengali,712.42
I04865,R0466,Food_Item_04865,Desserts,85.21
I04866,R0079,Food_Item_04866,Beverages,445.42
I04867,R0313,Food_Item_04867,Beverages,357.88
I04868,R0386,Food_Item_04868,Bengali,323.71
I04869,R0039,Food_Item_04869,Pizza,633.37
I04870,R0149,Food_Item_04870,South Indian,756.13
I04871,R0241,Food_Item_04871,Desserts,788.44
I04872,R0169,Food_Item_04872,Beverages,736.6
I04873,R0441,Food_Item_04873,South Indian,745.56
I04874,R0088,Food_Item_04874,Biryani,764.77
I04875,R0363,Food_Item_04875,Healthy,648.72
I04876,R0218,Food_Item_04876,Bengali,703.13
I04877,R0195,Food_Item_04877,Bengali,261.35
I04878,R0168,Food_Item_04878,South Indian,864.94
I04879,R0339,Food_Item_04879,Chinese,492.58
I04880,R0179,Food_Item_04880,Bengali,295.46
I04881,R0315,Food_Item_04881,Bengali,452.73
I04882,R0017,Food_Item_04882,Burger,755.08
I04883,R0138,Food_Item_04883,Chinese,647.84
I04884,R0232,Food_Item_04884,Pizza,205.14
I04885,R0110,Food_Item_04885,Burger,439.69
I04886,R0056,Food_Item_04886,Healthy,699.21
I04887,R0111,Food_Item_04887,Burger,649.06
I04888,R0268,Food_Item_04888,Beverages,235.45
I04889,R0479,Food_Item_04889,Chinese,689.15
I04890,R0335,Food_Item_04890,Healthy,633.37
I04891,R0453,Food_Item_04891,Bengali,280.39
I04892,R0274,Food_Item_04892,Desserts,332.21
I04893,R0016,Food_Item_04893,Chinese,423.91
I04894,R0074,Food_Item_04894,Biryani,632.46
I04895,R0380,Food_Item_04895,Chinese,860.18
I04896,R0309,Food_Item_04896,Bengali,895.69
I04897,R0421,Food_Item_04897,Burger,645.18
I04898,R0207,Food_Item_04898,Chinese,418.2
I04899,R0467,Food_Item_04899,Biryani,136.13
I04900,R0180,Food_Item_04900,Chinese,566.25
I04901,R0421,Food_Item_04901,Biryani,475.02
I04902,R0075,Food_Item_04902,Burger,629.99
I04903,R0226,Food_Item_04903,Chinese,870.86
I04904,R0498,Food_Item_04904,Pizza,216.78
I04905,R0398,Food_Item_04905,Biryani,383.91
I04906,R0197,Food_Item_04906,Pizza,552.44
I04907,R0449,Food_Item_04907,Bengali,367.59
I04908,R0229,Food_Item_04908,Pizza,224.36
I04909,R0472,Food_Item_04909,Biryani,570.81
I04910,R0048,Food_Item_04910,Desserts,112.29
I04911,R0414,Food_Item_04911,South Indian,389.18
I04912,R0338,Food_Item_04912,Healthy,877.61
I04913,R0089,Food_Item_04913,Chinese,472.13
I04914,R0142,Food_Item_04914,Chinese,163.3
I04915,R0409,Food_Item_04915,Biryani,764.12
I04916,R0371,Food_Item_04916,Biryani,226.81
I04917,R0096,Food_Item_04917,Beverages,285.68
I04918,R0034,Food_Item_04918,Pizza,869.2
I04919,R0159,Food_Item_04919,Biryani,715.58
I04920,R0149,Food_Item_04920,Desserts,343.96
I04921,R0313,Food_Item_04921,Healthy,610.76
I04922,R0373,Food_Item_04922,Chinese,479.97
I04923,R0139,Food_Item_04923,Chinese,811.85
I04924,R0199,Food_Item_04924,Bengali,539.44
I04925,R0094,Food_Item_04925,Biryani,621.87
I04926,R0018,Food_Item_04926,Pizza,202.29
I04927,R0457,Food_Item_04927,Beverages,284.89
I04928,R0395,Food_Item_04928,Desserts,101.76
I04929,R0395,Food_Item_04929,Pizza,562.36
I04930,R0483,Food_Item_04930,Bengali,541.26
I04931,R0021,Food_Item_04931,Healthy,332.41
I04932,R0189,Food_Item_04932,Burger,270.35
I04933,R0372,Food_Item_04933,Pizza,451.49
I04934,R0311,Food_Item_04934,Healthy,165.1
I04935,R0393,Food_Item_04935,Healthy,779.42
I04936,R0187,Food_Item_04936,South Indian,762.14
I04937,R0047,Food_Item_04937,South Indian,568.84
I04938,R0278,Food_Item_04938,Pizza,819.3
I04939,R0370,Food_Item_04939,Biryani,583.06
I04940,R0370,Food_Item_04940,Bengali,482.55
I04941,R0088,Food_Item_04941,Pizza,571.98
I04942,R0317,Food_Item_04942,Chinese,150.06
I04943,R0317,Food_Item_04943,Healthy,258.34
I04944,R0158,Food_Item_04944,Healthy,537.82
I04945,R0131,Food_Item_04945,South Indian,172.04
I04946,R0098,Food_Item_04946,Burger,743.87
I04947,R0055,Food_Item_04947,Healthy,219.58
I04948,R0273,Food_Item_04948,Beverages,423.13
I04949,R0158,Food_Item_04949,Bengali,477.34
I04950,R0330,Food_Item_04950,Desserts,209.5
I04951,R0295,Food_Item_04951,Chinese,278.58
I04952,R0288,Food_Item_04952,Desserts,477.2
I04953,R0482,Food_Item_04953,South Indian,167.57
I04954,R0065,Food_Item_04954,Pizza,233.48
I04955,R0019,Food_Item_04955,Biryani,99.02
I04956,R0178,Food_Item_04956,Biryani,495.29
I04957,R0013,Food_Item_04957,Beverages,754.27
I04958,R0373,Food_Item_04958,Beverages,744.87
I04959,R0186,Food_Item_04959,South Indian,371.02
I04960,R0074,Food_Item_04960,Bengali,643.7
I04961,R0042,Food_Item_04961,Healthy,891.72
I04962,R0442,Food_Item_04962,Healthy,427.19
I04963,R0189,Food_Item_04963,Desserts,829.34
I04964,R0234,Food_Item_04964,South Indian,718.41
I04965,R0085,Food_Item_04965,South Indian,225.01
I04966,R0396,Food_Item_04966,Bengali,444.27
I04967,R0369,Food_Item_04967,Desserts,843.25
I04968,R0171,Food_Item_04968,Healthy,217.4
I04969,R0426,Food_Item_04969,Bengali,127.26
I04970,R0180,Food_Item_04970,Desserts,299.16
I04971,R0452,Food_Item_04971,Biryani,83.98
I04972,R0484,Food_Item_04972,Chinese,184.22
I04973,R0232,Food_Item_04973,Burger,429.54
I04974,R0284,Food_Item_04974,Beverages,706.84
I04975,R0419,Food_Item_04975,Burger,255.25
I04976,R0051,Food_Item_04976,Burger,776.72
I04977,R0239,Food_Item_04977,Bengali,890.08
I04978,R0479,Food_Item_04978,South Indian,460.63
I04979,R0101,Food_Item_04979,Chinese,893.55
I04980,R0188,Food_Item_04980,Burger,553.81
I04981,R0426,Food_Item_04981,Healthy,129.39
I04982,R0356,Food_Item_04982,Healthy,170.67
I04983,R0245,Food_Item_04983,Biryani,500.61
I04984,R0065,Food_Item_04984,Healthy,835.89
I04985,R0091,Food_Item_04985,Beverages,160.75
I04986,R0428,Food_Item_04986,Beverages,548.81
I04987,R0255,Food_Item_04987,Chinese,745.02
I04988,R0480,Food_Item_04988,Chinese,886.14
I04989,R0051,Food_Item_04989,Bengali,824.56
I04990,R0192,Food_Item_04990,Desserts,166.96
I04991,R0047,Food_Item_04991,Healthy,142.98
I04992,R0073,Food_Item_04992,Burger,248.32
I04993,R0006,Food_Item_04993,Healthy,309.51
I04994,R0279,Food_Item_04994,Chinese,789.96
I04995,R0119,Food_Item_04995,Bengali,609.07
I04996,R0081,Food_Item_04996,Beverages,852.62
I04997,R0441,Food_Item_04997,Bengali,423.46
I04998,R0222,Food_Item_04998,Biryani,416.3
I04999,R0271,Food_Item_04999,Beverages,309.28
I05000,R0312,Food_Item_05000,Biryani,438.76
